Workbook

Sheet RECHERCHE DELSA
B2: RECHERCHE DELSA
B4: Tapez une reference DELSA (ex. DE 458, DRY 1006, DP 3105) dans la cellule jaune puis Entree. La fiche complete s'affiche avec l'equivalent EKSPER et toutes les autres marques.
B5: RECHERCHE : | C5: DE 458 | Q5: =IF(TRIM($C$5)="","",SUBSTITUTE(UPPER(TRIM($C$5))," ","")) -> DE458
B6: Reference normalisee : | C6: =IF($Q$5="","",$Q$5) -> DE458 | D6: Resultats trouves : | E6: =IF($Q$5="","—",SUMPRODUCT(--ISNUMBER(SEARCH($Q$5,CORRESPONDANCES!$Q$2:$Q$3270)))) -> 1 | Q6: =IF($Q$5="","",IF(ISNUMBER(MATCH("*"&$Q$5&"*",CORRESPONDANCES!$Q$2:$Q$3270,0)),MATCH("*"&$Q$5&"*",CORRESPONDANCES!$Q$2:$Q$3270,0)+1,"")) -> 3
Q7: =IF(OR($Q$5="",$Q$7=""),"",IF(ISNUMBER(MATCH("*"&$Q$5&"*",INDEX(CORRESPONDANCES!$Q:$Q,$Q$7+1):CORRESPONDANCES!$Q$3270,0)),$Q$7+MATCH("*"&$Q$5&"*",INDEX(CORRESPONDANCES!$Q:$Q,$Q$7+1):CORRESPONDANCES!$Q$3270,0),""))
Q8: =IF(OR($Q$5="",$Q$8=""),"",IF(ISNUMBER(MATCH("*"&$Q$5&"*",INDEX(CORRESPONDANCES!$Q:$Q,$Q$8+1):CORRESPONDANCES!$Q$3270,0)),$Q$8+MATCH("*"&$Q$5&"*",INDEX(CORRESPONDANCES!$Q:$Q,$Q$8+1):CORRESPONDANCES!$Q$3270,0),""))
B9: DELSA | C9: =IF($Q$6="","",INDEX(CORRESPONDANCES!B:B,$Q$6)) -> DE 458 E | D9: EKSPER | E9: =IF($Q$6="","",INDEX(CORRESPONDANCES!C:C,$Q$6)) -> ECO014 | Q9: =IF(OR($Q$5="",$Q$9=""),"",IF(ISNUMBER(MATCH("*"&$Q$5&"*",INDEX(CORRESPONDANCES!$Q:$Q,$Q$9+1):CORRESPONDANCES!$Q$3270,0)),$Q$9+MATCH("*"&$Q$5&"*",INDEX(CORRESPONDANCES!$Q:$Q,$Q$9+1):CORRESPONDANCES!$Q$3270,0),""))
B10: MANN | C10: =IF($Q$6="","",INDEX(CORRESPONDANCES!D:D,$Q$6)) -> HU 715/4 x | D10: ASAS | E10: =IF($Q$6="","",INDEX(CORRESPONDANCES!E:E,$Q$6)) -> AS 1534 | Q10: =IF(OR($Q$5="",$Q$10=""),"",IF(ISNUMBER(MATCH("*"&$Q$5&"*",INDEX(CORRESPONDANCES!$Q:$Q,$Q$10+1):CORRESPONDANCES!$Q$3270,0)),$Q$10+MATCH("*"&$Q$5&"*",INDEX(CORRESPONDANCES!$Q:$Q,$Q$10+1):CORRESPONDANCES!$Q$3270,0),""))
B11: FIL | C11: =IF($Q$6="","",INDEX(CORRESPONDANCES!F:F,$Q$6)) -> MLE 1375 | D11: MISFAT | E11: =IF($Q$6="","",INDEX(CORRESPONDANCES!G:G,$Q$6))
B12: MAHLE | C12: =IF($Q$6="","",INDEX(CORRESPONDANCES!H:H,$Q$6)) | D12: FLEETGUARD | E12: =IF($Q$6="","",INDEX(CORRESPONDANCES!I:I,$Q$6))
B13: HENGST | C13: =IF($Q$6="","",INDEX(CORRESPONDANCES!J:J,$Q$6)) -> E104HD43 | D13: AUTRES | E13: =IF($Q$6="","",INDEX(CORRESPONDANCES!K:K,$Q$6))
B14: OEM | C14: =IF($Q$6="","",INDEX(CORRESPONDANCES!O:O,$Q$6)) -> 11421432097
B15: MARQUE/VEHICULE | C15: =IF($Q$6="","",INDEX(CORRESPONDANCES!M:M,$Q$6)) -> BMW
B16: TYPE FILTRE | C16: =IF($Q$6="","",INDEX(CORRESPONDANCES!N:N,$Q$6)) -> OIL FILTERS
B17: APPLICATION
B18: =IF($Q$6="","",INDEX(CORRESPONDANCES!$L:$L,$Q$6)) -> E-36 3.16i, 3.18, 3.18i,3.18is, 3.18ti Compact M-43
B20: AUTRES CORRESPONDANCES TROUVEES (si plusieurs fiches correspondent)
A21: N° | B21: DELSA | C21: EKSPER | D21: MANN
A22: 1 | B22: =IF($Q$7="","",INDEX(CORRESPONDANCES!B:B,$Q$7)) | C22: =IF($Q$7="","",INDEX(CORRESPONDANCES!C:C,$Q$7)) | D22: =IF($Q$7="","",INDEX(CORRESPONDANCES!D:D,$Q$7)) | E22: =IF($Q$7="","",INDEX(CORRESPONDANCES!L:L,$Q$7))
A23: 2 | B23: =IF($Q$8="","",INDEX(CORRESPONDANCES!B:B,$Q$8)) | C23: =IF($Q$8="","",INDEX(CORRESPONDANCES!C:C,$Q$8)) | D23: =IF($Q$8="","",INDEX(CORRESPONDANCES!D:D,$Q$8)) | E23: =IF($Q$8="","",INDEX(CORRESPONDANCES!L:L,$Q$8))
A24: 3 | B24: =IF($Q$9="","",INDEX(CORRESPONDANCES!B:B,$Q$9)) | C24: =IF($Q$9="","",INDEX(CORRESPONDANCES!C:C,$Q$9)) | D24: =IF($Q$9="","",INDEX(CORRESPONDANCES!D:D,$Q$9)) | E24: =IF($Q$9="","",INDEX(CORRESPONDANCES!L:L,$Q$9))
A25: 4 | B25: =IF($Q$10="","",INDEX(CORRESPONDANCES!B:B,$Q$10)) | C25: =IF($Q$10="","",INDEX(CORRESPONDANCES!C:C,$Q$10)) | D25: =IF($Q$10="","",INDEX(CORRESPONDANCES!D:D,$Q$10)) | E25: =IF($Q$10="","",INDEX(CORRESPONDANCES!L:L,$Q$10))
B27: Si les resultats ne changent pas quand vous tapez : cliquez sur ACTIVER LA MODIFICATION (barre jaune en haut), puis tapez votre reference dans la cellule jaune et appuyez sur Entree.

Sheet RECHERCHE EKSPER
B2: RECHERCHE EKSPER
B4: Tapez une reference EKSPER (ex. ECO049, ESD001, EO060) dans la cellule jaune puis Entree. La fiche complete s'affiche avec l'equivalent DELSA et toutes les autres marques.
B5: RECHERCHE : | C5: ECO049 | Q5: =IF(TRIM($C$5)="","",SUBSTITUTE(UPPER(TRIM($C$5))," ","")) -> ECO049
B6: Reference normalisee : | C6: =IF($Q$5="","",$Q$5) -> ECO049 | D6: Resultats trouves : | E6: =IF($Q$5="","—",SUMPRODUCT(--ISNUMBER(SEARCH($Q$5,CORRESPONDANCES!$R$2:$R$3270)))) -> 1 | Q6: =IF($Q$5="","",IF(ISNUMBER(MATCH("*"&$Q$5&"*",CORRESPONDANCES!$R$2:$R$3270,0)),MATCH("*"&$Q$5&"*",CORRESPONDANCES!$R$2:$R$3270,0)+1,"")) -> 6
Q7: =IF(OR($Q$5="",$Q$7=""),"",IF(ISNUMBER(MATCH("*"&$Q$5&"*",INDEX(CORRESPONDANCES!$R:$R,$Q$7+1):CORRESPONDANCES!$R$3270,0)),$Q$7+MATCH("*"&$Q$5&"*",INDEX(CORRESPONDANCES!$R:$R,$Q$7+1):CORRESPONDANCES!$R$3270,0),""))
Q8: =IF(OR($Q$5="",$Q$8=""),"",IF(ISNUMBER(MATCH("*"&$Q$5&"*",INDEX(CORRESPONDANCES!$R:$R,$Q$8+1):CORRESPONDANCES!$R$3270,0)),$Q$8+MATCH("*"&$Q$5&"*",INDEX(CORRESPONDANCES!$R:$R,$Q$8+1):CORRESPONDANCES!$R$3270,0),""))
B9: DELSA | C9: =IF($Q$6="","",INDEX(CORRESPONDANCES!B:B,$Q$6)) -> DE 473 E | D9: EKSPER | E9: =IF($Q$6="","",INDEX(CORRESPONDANCES!C:C,$Q$6)) -> ECO049 | Q9: =IF(OR($Q$5="",$Q$9=""),"",IF(ISNUMBER(MATCH("*"&$Q$5&"*",INDEX(CORRESPONDANCES!$R:$R,$Q$9+1):CORRESPONDANCES!$R$3270,0)),$Q$9+MATCH("*"&$Q$5&"*",INDEX(CORRESPONDANCES!$R:$R,$Q$9+1):CORRESPONDANCES!$R$3270,0),""))
B10: MANN | C10: =IF($Q$6="","",INDEX(CORRESPONDANCES!D:D,$Q$6)) -> HU 722 x | D10: ASAS | E10: =IF($Q$6="","",INDEX(CORRESPONDANCES!E:E,$Q$6)) -> AS 1572 | Q10: =IF(OR($Q$5="",$Q$10=""),"",IF(ISNUMBER(MATCH("*"&$Q$5&"*",INDEX(CORRESPONDANCES!$R:$R,$Q$10+1):CORRESPONDANCES!$R$3270,0)),$Q$10+MATCH("*"&$Q$5&"*",INDEX(CORRESPONDANCES!$R:$R,$Q$10+1):CORRESPONDANCES!$R$3270,0),""))
B11: FIL | C11: =IF($Q$6="","",INDEX(CORRESPONDANCES!F:F,$Q$6)) -> MLE 1448A | D11: MISFAT | E11: =IF($Q$6="","",INDEX(CORRESPONDANCES!G:G,$Q$6)) -> L021
B12: MAHLE | C12: =IF($Q$6="","",INDEX(CORRESPONDANCES!H:H,$Q$6)) -> OX368D | D12: FLEETGUARD | E12: =IF($Q$6="","",INDEX(CORRESPONDANCES!I:I,$Q$6))
B13: HENGST | C13: =IF($Q$6="","",INDEX(CORRESPONDANCES!J:J,$Q$6)) | D13: AUTRES | E13: =IF($Q$6="","",INDEX(CORRESPONDANCES!K:K,$Q$6))
B14: OEM | C14: =IF($Q$6="","",INDEX(CORRESPONDANCES!O:O,$Q$6)) -> 11427787697
B15: MARQUE/VEHICULE | C15: =IF($Q$6="","",INDEX(CORRESPONDANCES!M:M,$Q$6)) -> BMW
B16: TYPE FILTRE | C16: =IF($Q$6="","",INDEX(CORRESPONDANCES!N:N,$Q$6)) -> OIL FILTERS
B17: APPLICATION
B18: =IF($Q$6="","",INDEX(CORRESPONDANCES!$L:$L,$Q$6)) -> E-46 320d, 320td Compact (08/01=>) M-47
B20: AUTRES CORRESPONDANCES TROUVEES (si plusieurs fiches correspondent)
A21: N° | B21: DELSA | C21: EKSPER | D21: MANN
A22: 1 | B22: =IF($Q$7="","",INDEX(CORRESPONDANCES!B:B,$Q$7)) | C22: =IF($Q$7="","",INDEX(CORRESPONDANCES!C:C,$Q$7)) | D22: =IF($Q$7="","",INDEX(CORRESPONDANCES!D:D,$Q$7)) | E22: =IF($Q$7="","",INDEX(CORRESPONDANCES!L:L,$Q$7))
A23: 2 | B23: =IF($Q$8="","",INDEX(CORRESPONDANCES!B:B,$Q$8)) | C23: =IF($Q$8="","",INDEX(CORRESPONDANCES!C:C,$Q$8)) | D23: =IF($Q$8="","",INDEX(CORRESPONDANCES!D:D,$Q$8)) | E23: =IF($Q$8="","",INDEX(CORRESPONDANCES!L:L,$Q$8))
A24: 3 | B24: =IF($Q$9="","",INDEX(CORRESPONDANCES!B:B,$Q$9)) | C24: =IF($Q$9="","",INDEX(CORRESPONDANCES!C:C,$Q$9)) | D24: =IF($Q$9="","",INDEX(CORRESPONDANCES!D:D,$Q$9)) | E24: =IF($Q$9="","",INDEX(CORRESPONDANCES!L:L,$Q$9))
A25: 4 | B25: =IF($Q$10="","",INDEX(CORRESPONDANCES!B:B,$Q$10)) | C25: =IF($Q$10="","",INDEX(CORRESPONDANCES!C:C,$Q$10)) | D25: =IF($Q$10="","",INDEX(CORRESPONDANCES!D:D,$Q$10)) | E25: =IF($Q$10="","",INDEX(CORRESPONDANCES!L:L,$Q$10))
B27: Si les resultats ne changent pas quand vous tapez : cliquez sur ACTIVER LA MODIFICATION (barre jaune en haut), puis tapez votre reference dans la cellule jaune et appuyez sur Entree.

Sheet RECHERCHE AUTRES
B2: RECHERCHE AUTRES
B4: Tapez une reference d'une autre marque (MANN, ASAS, FIL, MISFAT, MAHLE, FLEETGUARD, HENGST ou un numero OEM) — majuscules ou minuscules, avec ou sans espaces. La fiche complete s'affiche avec le couple DELSA / EKSPER.
B5: RECHERCHE : | C5: HU 722 x | Q5: =IF(TRIM($C$5)="","",SUBSTITUTE(UPPER(TRIM($C$5))," ","")) -> HU722X
B6: Reference normalisee : | C6: =IF($Q$5="","",$Q$5) -> HU722X | D6: Resultats trouves : | E6: =IF($Q$5="","—",SUMPRODUCT(--ISNUMBER(SEARCH($Q$5,CORRESPONDANCES!$A$2:$A$3270)))) -> 1 | Q6: =IF($Q$5="","",IF(ISNUMBER(MATCH("*"&$Q$5&"*",CORRESPONDANCES!$A$2:$A$3270,0)),MATCH("*"&$Q$5&"*",CORRESPONDANCES!$A$2:$A$3270,0)+1,"")) -> 6
Q7: =IF(OR($Q$5="",$Q$7=""),"",IF(ISNUMBER(MATCH("*"&$Q$5&"*",INDEX(CORRESPONDANCES!$A:$A,$Q$7+1):CORRESPONDANCES!$A$3270,0)),$Q$7+MATCH("*"&$Q$5&"*",INDEX(CORRESPONDANCES!$A:$A,$Q$7+1):CORRESPONDANCES!$A$3270,0),""))
Q8: =IF(OR($Q$5="",$Q$8=""),"",IF(ISNUMBER(MATCH("*"&$Q$5&"*",INDEX(CORRESPONDANCES!$A:$A,$Q$8+1):CORRESPONDANCES!$A$3270,0)),$Q$8+MATCH("*"&$Q$5&"*",INDEX(CORRESPONDANCES!$A:$A,$Q$8+1):CORRESPONDANCES!$A$3270,0),""))
B9: DELSA | C9: =IF($Q$6="","",INDEX(CORRESPONDANCES!B:B,$Q$6)) -> DE 473 E | D9: EKSPER | E9: =IF($Q$6="","",INDEX(CORRESPONDANCES!C:C,$Q$6)) -> ECO049 | Q9: =IF(OR($Q$5="",$Q$9=""),"",IF(ISNUMBER(MATCH("*"&$Q$5&"*",INDEX(CORRESPONDANCES!$A:$A,$Q$9+1):CORRESPONDANCES!$A$3270,0)),$Q$9+MATCH("*"&$Q$5&"*",INDEX(CORRESPONDANCES!$A:$A,$Q$9+1):CORRESPONDANCES!$A$3270,0),""))
B10: MANN | C10: =IF($Q$6="","",INDEX(CORRESPONDANCES!D:D,$Q$6)) -> HU 722 x | D10: ASAS | E10: =IF($Q$6="","",INDEX(CORRESPONDANCES!E:E,$Q$6)) -> AS 1572 | Q10: =IF(OR($Q$5="",$Q$10=""),"",IF(ISNUMBER(MATCH("*"&$Q$5&"*",INDEX(CORRESPONDANCES!$A:$A,$Q$10+1):CORRESPONDANCES!$A$3270,0)),$Q$10+MATCH("*"&$Q$5&"*",INDEX(CORRESPONDANCES!$A:$A,$Q$10+1):CORRESPONDANCES!$A$3270,0),""))
B11: FIL | C11: =IF($Q$6="","",INDEX(CORRESPONDANCES!F:F,$Q$6)) -> MLE 1448A | D11: MISFAT | E11: =IF($Q$6="","",INDEX(CORRESPONDANCES!G:G,$Q$6)) -> L021
B12: MAHLE | C12: =IF($Q$6="","",INDEX(CORRESPONDANCES!H:H,$Q$6)) -> OX368D | D12: FLEETGUARD | E12: =IF($Q$6="","",INDEX(CORRESPONDANCES!I:I,$Q$6))
B13: HENGST | C13: =IF($Q$6="","",INDEX(CORRESPONDANCES!J:J,$Q$6)) | D13: AUTRES | E13: =IF($Q$6="","",INDEX(CORRESPONDANCES!K:K,$Q$6))
B14: OEM | C14: =IF($Q$6="","",INDEX(CORRESPONDANCES!O:O,$Q$6)) -> 11427787697
B15: MARQUE/VEHICULE | C15: =IF($Q$6="","",INDEX(CORRESPONDANCES!M:M,$Q$6)) -> BMW
B16: TYPE FILTRE | C16: =IF($Q$6="","",INDEX(CORRESPONDANCES!N:N,$Q$6)) -> OIL FILTERS
B17: APPLICATION
B18: =IF($Q$6="","",INDEX(CORRESPONDANCES!$L:$L,$Q$6)) -> E-46 320d, 320td Compact (08/01=>) M-47
B20: AUTRES CORRESPONDANCES TROUVEES (si plusieurs fiches correspondent)
A21: N° | B21: DELSA | C21: EKSPER | D21: MANN
A22: 1 | B22: =IF($Q$7="","",INDEX(CORRESPONDANCES!B:B,$Q$7)) | C22: =IF($Q$7="","",INDEX(CORRESPONDANCES!C:C,$Q$7)) | D22: =IF($Q$7="","",INDEX(CORRESPONDANCES!D:D,$Q$7)) | E22: =IF($Q$7="","",INDEX(CORRESPONDANCES!L:L,$Q$7))
A23: 2 | B23: =IF($Q$8="","",INDEX(CORRESPONDANCES!B:B,$Q$8)) | C23: =IF($Q$8="","",INDEX(CORRESPONDANCES!C:C,$Q$8)) | D23: =IF($Q$8="","",INDEX(CORRESPONDANCES!D:D,$Q$8)) | E23: =IF($Q$8="","",INDEX(CORRESPONDANCES!L:L,$Q$8))
A24: 3 | B24: =IF($Q$9="","",INDEX(CORRESPONDANCES!B:B,$Q$9)) | C24: =IF($Q$9="","",INDEX(CORRESPONDANCES!C:C,$Q$9)) | D24: =IF($Q$9="","",INDEX(CORRESPONDANCES!D:D,$Q$9)) | E24: =IF($Q$9="","",INDEX(CORRESPONDANCES!L:L,$Q$9))
A25: 4 | B25: =IF($Q$10="","",INDEX(CORRESPONDANCES!B:B,$Q$10)) | C25: =IF($Q$10="","",INDEX(CORRESPONDANCES!C:C,$Q$10)) | D25: =IF($Q$10="","",INDEX(CORRESPONDANCES!D:D,$Q$10)) | E25: =IF($Q$10="","",INDEX(CORRESPONDANCES!L:L,$Q$10))
B27: Si les resultats ne changent pas quand vous tapez : cliquez sur ACTIVER LA MODIFICATION (barre jaune en haut), puis tapez votre reference dans la cellule jaune et appuyez sur Entree.

Sheet TOUTES LES REFERENCES
A1: REFERENCE | B1: REF SANS ESPACES | C1: MARQUE | D1: DELSA | E1: EKSPER | F1: MANN | G1: ASAS | H1: FIL | I1: MISFAT | J1: MAHLE | K1: FLEETGUARD | L1: HENGST | M1: AUTRES | N1: APPLICATION | O1: MARQUE/VEHICULE | P1: TYPE FILTRE | Q1: OEM
A2: DE 341 | B2: DE341 | C2: DELSA | D2: DE 341 | E2: EO060 | F2: H 973 x | G2: AS 276 x | H2: ML 1323 | N2: E-34 524 td ( 88<=>95) M-21 | O2: BMW | P2: OIL FILTERS | Q2: 11429064276
A3: EO060 | B3: EO060 | C3: EKSPER | D3: DE 341 | E3: EO060 | F3: H 973 x | G3: AS 276 x | H3: ML 1323 | N3: E-34 524 td ( 88<=>95) M-21 | O3: BMW | P3: OIL FILTERS | Q3: 11429064276
A4: H 973 x | B4: H973X | C4: MANN | D4: DE 341 | E4: EO060 | F4: H 973 x | G4: AS 276 x | H4: ML 1323 | N4: E-34 524 td ( 88<=>95) M-21 | O4: BMW | P4: OIL FILTERS | Q4: 11429064276
A5: AS 276 x | B5: AS276X | C5: ASAS | D5: DE 341 | E5: EO060 | F5: H 973 x | G5: AS 276 x | H5: ML 1323 | N5: E-34 524 td ( 88<=>95) M-21 | O5: BMW | P5: OIL FILTERS | Q5: 11429064276
A6: ML 1323 | B6: ML1323 | C6: FIL | D6: DE 341 | E6: EO060 | F6: H 973 x | G6: AS 276 x | H6: ML 1323 | N6: E-34 524 td ( 88<=>95) M-21 | O6: BMW | P6: OIL FILTERS | Q6: 11429064276
A7: 11429064276 | B7: 11429064276 | C7: OEM | D7: DE 341 | E7: EO060 | F7: H 973 x | G7: AS 276 x | H7: ML 1323 | N7: E-34 524 td ( 88<=>95) M-21 | O7: BMW | P7: OIL FILTERS | Q7: 11429064276
A8: DE 458 E | B8: DE458E | C8: DELSA | D8: DE 458 E | E8: ECO014 | F8: HU 715/4 x | G8: AS 1534 | H8: MLE 1375 | L8: E104HD43 | N8: E-36 3.16i, 3.18, 3.18i,3.18is, 3.18ti Compact M-43 | O8: BMW | P8: OIL FILTERS | Q8: 11421432097
A9: ECO014 | B9: ECO014 | C9: EKSPER | D9: DE 458 E | E9: ECO014 | F9: HU 715/4 x | G9: AS 1534 | H9: MLE 1375 | L9: E104HD43 | N9: E-36 3.16i, 3.18, 3.18i,3.18is, 3.18ti Compact M-43 | O9: BMW | P9: OIL FILTERS | Q9: 11421432097
A10: HU 715/4 x | B10: HU715/4X | C10: MANN | D10: DE 458 E | E10: ECO014 | F10: HU 715/4 x | G10: AS 1534 | H10: MLE 1375 | L10: E104HD43 | N10: E-36 3.16i, 3.18, 3.18i,3.18is, 3.18ti Compact M-43 | O10: BMW | P10: OIL FILTERS | Q10: 11421432097
A11: AS 1534 | B11: AS1534 | C11: ASAS | D11: DE 458 E | E11: ECO014 | F11: HU 715/4 x | G11: AS 1534 | H11: MLE 1375 | L11: E104HD43 | N11: E-36 3.16i, 3.18, 3.18i,3.18is, 3.18ti Compact M-43 | O11: BMW | P11: OIL FILTERS | Q11: 11421432097
A12: MLE 1375 | B12: MLE1375 | C12: FIL | D12: DE 458 E | E12: ECO014 | F12: HU 715/4 x | G12: AS 1534 | H12: MLE 1375 | L12: E104HD43 | N12: E-36 3.16i, 3.18, 3.18i,3.18is, 3.18ti Compact M-43 | O12: BMW | P12: OIL FILTERS | Q12: 11421432097
A13: E104HD43 | B13: E104HD43 | C13: HENGST | D13: DE 458 E | E13: ECO014 | F13: HU 715/4 x | G13: AS 1534 | H13: MLE 1375 | L13: E104HD43 | N13: E-36 3.16i, 3.18, 3.18i,3.18is, 3.18ti Compact M-43 | O13: BMW | P13: OIL FILTERS | Q13: 11421432097
A14: 11421432097 | B14: 11421432097 | C14: OEM | D14: DE 458 E | E14: ECO014 | F14: HU 715/4 x | G14: AS 1534 | H14: MLE 1375 | L14: E104HD43 | N14: E-36 3.16i, 3.18, 3.18i,3.18is, 3.18ti Compact M-43 | O14: BMW | P14: OIL FILTERS | Q14: 11421432097
A15: DE 463 E | B15: DE463E | C15: DELSA | D15: DE 463 E | E15: ECO007Z | F15: HU 718/1 z | G15: AS 1548 | H15: MLE 1353B | N15: E-46 320d, 320TD,Compact (08/01=>) M-47 | O15: BMW | P15: OIL FILTERS | Q15: 11422247018
A16: ECO007Z | B16: ECO007Z | C16: EKSPER | D16: DE 463 E | E16: ECO007Z | F16: HU 718/1 z | G16: AS 1548 | H16: MLE 1353B | N16: E-46 320d, 320TD,Compact (08/01=>) M-47 | O16: BMW | P16: OIL FILTERS | Q16: 11422247018
A17: HU 718/1 z | B17: HU718/1Z | C17: MANN | D17: DE 463 E | E17: ECO007Z | F17: HU 718/1 z | G17: AS 1548 | H17: MLE 1353B | N17: E-46 320d, 320TD,Compact (08/01=>) M-47 | O17: BMW | P17: OIL FILTERS | Q17: 11422247018
A18: AS 1548 | B18: AS1548 | C18: ASAS | D18: DE 463 E | E18: ECO007Z | F18: HU 718/1 z | G18: AS 1548 | H18: MLE 1353B | N18: E-46 320d, 320TD,Compact (08/01=>) M-47 | O18: BMW | P18: OIL FILTERS | Q18: 11422247018
A19: MLE 1353B | B19: MLE1353B | C19: FIL | D19: DE 463 E | E19: ECO007Z | F19: HU 718/1 z | G19: AS 1548 | H19: MLE 1353B | N19: E-46 320d, 320TD,Compact (08/01=>) M-47 | O19: BMW | P19: OIL FILTERS | Q19: 11422247018
A20: 11422247018 | B20: 11422247018 | C20: OEM | D20: DE 463 E | E20: ECO007Z | F20: HU 718/1 z | G20: AS 1548 | H20: MLE 1353B | N20: E-46 320d, 320TD,Compact (08/01=>) M-47 | O20: BMW | P20: OIL FILTERS | Q20: 11422247018
A21: DE 472 E | B21: DE472E | C21: DELSA | D21: DE 472 E | E21: ECO060 | F21: HU 721/4 x | G21: AS 2504 | H21: MLE 1478 | N21: E-46 330d, X5(E53) 3.0d (03-06) M-57 | O21: BMW | P21: OIL FILTERS | Q21: 11427788454
A22: ECO060 | B22: ECO060 | C22: EKSPER | D22: DE 472 E | E22: ECO060 | F22: HU 721/4 x | G22: AS 2504 | H22: MLE 1478 | N22: E-46 330d, X5(E53) 3.0d (03-06) M-57 | O22: BMW | P22: OIL FILTERS | Q22: 11427788454
A23: HU 721/4 x | B23: HU721/4X | C23: MANN | D23: DE 472 E | E23: ECO060 | F23: HU 721/4 x | G23: AS 2504 | H23: MLE 1478 | N23: E-46 330d, X5(E53) 3.0d (03-06) M-57 | O23: BMW | P23: OIL FILTERS | Q23: 11427788454
A24: AS 2504 | B24: AS2504 | C24: ASAS | D24: DE 472 E | E24: ECO060 | F24: HU 721/4 x | G24: AS 2504 | H24: MLE 1478 | N24: E-46 330d, X5(E53) 3.0d (03-06) M-57 | O24: BMW | P24: OIL FILTERS | Q24: 11427788454
A25: MLE 1478 | B25: MLE1478 | C25: FIL | D25: DE 472 E | E25: ECO060 | F25: HU 721/4 x | G25: AS 2504 | H25: MLE 1478 | N25: E-46 330d, X5(E53) 3.0d (03-06) M-57 | O25: BMW | P25: OIL FILTERS | Q25: 11427788454
A26: 11427788454 | B26: 11427788454 | C26: OEM | D26: DE 472 E | E26: ECO060 | F26: HU 721/4 x | G26: AS 2504 | H26: MLE 1478 | N26: E-46 330d, X5(E53) 3.0d (03-06) M-57 | O26: BMW | P26: OIL FILTERS | Q26: 11427788454
A27: DE 473 E | B27: DE473E | C27: DELSA | D27: DE 473 E | E27: ECO049 | F27: HU 722 x | G27: AS 1572 | H27: MLE 1448A | I27: L021 | J27: OX368D | N27: E-46 320d, 320td Compact (08/01=>) M-47 | O27: BMW | P27: OIL FILTERS | Q27: 11427787697
A28: ECO049 | B28: ECO049 | C28: EKSPER | D28: DE 473 E | E28: ECO049 | F28: HU 722 x | G28: AS 1572 | H28: MLE 1448A | I28: L021 | J28: OX368D | N28: E-46 320d, 320td Compact (08/01=>) M-47 | O28: BMW | P28: OIL FILTERS | Q28: 11427787697
A29: HU 722 x | B29: HU722X | C29: MANN | D29: DE 473 E | E29: ECO049 | F29: HU 722 x | G29: AS 1572 | H29: MLE 1448A | I29: L021 | J29: OX368D | N29: E-46 320d, 320td Compact (08/01=>) M-47 | O29: BMW | P29: OIL FILTERS | Q29: 11427787697
A30: AS 1572 | B30: AS1572 | C30: ASAS | D30: DE 473 E | E30: ECO049 | F30: HU 722 x | G30: AS 1572 | H30: MLE 1448A | I30: L021 | J30: OX368D | N30: E-46 320d, 320td Compact (08/01=>) M-47 | O30: BMW | P30: OIL FILTERS | Q30: 11427787697
A31: MLE 1448A | B31: MLE1448A | C31: FIL | D31: DE 473 E | E31: ECO049 | F31: HU 722 x | G31: AS 1572 | H31: MLE 1448A | I31: L021 | J31: OX368D | N31: E-46 320d, 320td Compact (08/01=>) M-47 | O31: BMW | P31: OIL FILTERS | Q31: 11427787697
A32: L021 | B32: L021 | C32: MISFAT | D32: DE 473 E | E32: ECO049 | F32: HU 722 x | G32: AS 1572 | H32: MLE 1448A | I32: L021 | J32: OX368D | N32: E-46 320d, 320td Compact (08/01=>) M-47 | O32: BMW | P32: OIL FILTERS | Q32: 11427787697
A33: OX368D | B33: OX368D | C33: MAHLE | D33: DE 473 E | E33: ECO049 | F33: HU 722 x | G33: AS 1572 | H33: MLE 1448A | I33: L021 | J33: OX368D | N33: E-46 320d, 320td Compact (08/01=>) M-47 | O33: BMW | P33: OIL FILTERS | Q33: 11427787697
A34: 11427787697 | B34: 11427787697 | C34: OEM | D34: DE 473 E | E34: ECO049 | F34: HU 722 x | G34: AS 1572 | H34: MLE 1448A | I34: L021 | J34: OX368D | N34: E-46 320d, 320td Compact (08/01=>) M-47 | O34: BMW | P34: OIL FILTERS | Q34: 11427787697
A35: DE 490 E | B35: DE490E | C35: DELSA | D35: DE 490 E | E35: ECO009 | F35: HU 925/4 x | G35: AS 1555 | H35: MLE 1376 | I35: 0 | J35: OX1541D | L35: E106HD34 | N35: E-39, E-46 M-52 | O35: BMW | P35: OIL FILTERS | Q35: 11421427908
A36: ECO009 | B36: ECO009 | C36: EKSPER | D36: DE 490 E | E36: ECO009 | F36: HU 925/4 x | G36: AS 1555 | H36: MLE 1376 | I36: 0 | J36: OX1541D | L36: E106HD34 | N36: E-39, E-46 M-52 | O36: BMW | P36: OIL FILTERS | Q36: 11421427908
A37: HU 925/4 x | B37: HU925/4X | C37: MANN | D37: DE 490 E | E37: ECO009 | F37: HU 925/4 x | G37: AS 1555 | H37: MLE 1376 | I37: 0 | J37: OX1541D | L37: E106HD34 | N37: E-39, E-46 M-52 | O37: BMW | P37: OIL FILTERS | Q37: 11421427908
A38: AS 1555 | B38: AS1555 | C38: ASAS | D38: DE 490 E | E38: ECO009 | F38: HU 925/4 x | G38: AS 1555 | H38: MLE 1376 | I38: 0 | J38: OX1541D | L38: E106HD34 | N38: E-39, E-46 M-52 | O38: BMW | P38: OIL FILTERS | Q38: 11421427908
A39: MLE 1376 | B39: MLE1376 | C39: FIL | D39: DE 490 E | E39: ECO009 | F39: HU 925/4 x | G39: AS 1555 | H39: MLE 1376 | I39: 0 | J39: OX1541D | L39: E106HD34 | N39: E-39, E-46 M-52 | O39: BMW | P39: OIL FILTERS | Q39: 11421427908
A40: 0 | B40: 0 | C40: MISFAT | D40: DE 490 E | E40: ECO009 | F40: HU 925/4 x | G40: AS 1555 | H40: MLE 1376 | I40: 0 | J40: OX1541D | L40: E106HD34 | N40: E-39, E-46 M-52 | O40: BMW | P40: OIL FILTERS | Q40: 11421427908
A41: OX1541D | B41: OX1541D | C41: MAHLE | D41: DE 490 E | E41: ECO009 | F41: HU 925/4 x | G41: AS 1555 | H41: MLE 1376 | I41: 0 | J41: OX1541D | L41: E106HD34 | N41: E-39, E-46 M-52 | O41: BMW | P41: OIL FILTERS | Q41: 11421427908
A42: E106HD34 | B42: E106HD34 | C42: HENGST | D42: DE 490 E | E42: ECO009 | F42: HU 925/4 x | G42: AS 1555 | H42: MLE 1376 | I42: 0 | J42: OX1541D | L42: E106HD34 | N42: E-39, E-46 M-52 | O42: BMW | P42: OIL FILTERS | Q42: 11421427908
A43: 11421427908 | B43: 11421427908 | C43: OEM | D43: DE 490 E | E43: ECO009 | F43: HU 925/4 x | G43: AS 1555 | H43: MLE 1376 | I43: 0 | J43: OX1541D | L43: E106HD34 | N43: E-39, E-46 M-52 | O43: BMW | P43: OIL FILTERS | Q43: 11421427908
A44: DE 491 E | B44: DE491E | C44: DELSA | D44: DE 491 E | E44: ECO021 | F44: HU 926/3 x | G44: AS 1526 | H44: MLE 1373A | I44: 0 | J44: OX68D | L44: E110HD24 | N44: E-34, E-36 M-50 | O44: BMW | P44: OIL FILTERS | Q44: 11421730389
A45: ECO021 | B45: ECO021 | C45: EKSPER | D45: DE 491 E | E45: ECO021 | F45: HU 926/3 x | G45: AS 1526 | H45: MLE 1373A | I45: 0 | J45: OX68D | L45: E110HD24 | N45: E-34, E-36 M-50 | O45: BMW | P45: OIL FILTERS | Q45: 11421730389
A46: HU 926/3 x | B46: HU926/3X | C46: MANN | D46: DE 491 E | E46: ECO021 | F46: HU 926/3 x | G46: AS 1526 | H46: MLE 1373A | I46: 0 | J46: OX68D | L46: E110HD24 | N46: E-34, E-36 M-50 | O46: BMW | P46: OIL FILTERS | Q46: 11421730389
... A61: 11429063138 | B61: 11429063138 | C61: OEM | D61: DE 492 E | E61: ECO022 | F61: HU 930/3 x | G61: AS 1530 | H61: MLE 1373B | I61: 0 | J61: OX41D | L61: E128HD24 | N61: E-34, E-12, E-28, E-23, E-32,M-60 | O61: BMW | P61: OIL FILTERS | Q61: 11429063138
A62: DS 1217 | B62: DS1217 | C62: DELSA | D62: DS 1217 | E62: ESO169 | F62: W 712/6 | G62: SP 402 B | H62: ZP 507A | J62: OC25 | K62: LF3338 | L62: H90W04 | N62: E-21 M-10 | O62: BMW | P62: OIL FILTERS | Q62: 11421258039
A63: ESO169 | B63: ESO169 | C63: EKSPER | D63: DS 1217 | E63: ESO169 | F63: W 712/6 | G63: SP 402 B | H63: ZP 507A | J63: OC25 | K63: LF3338 | L63: H90W04 | N63: E-21 M-10 | O63: BMW | P63: OIL FILTERS | Q63: 11421258039
A64: W 712/6 | B64: W712/6 | C64: MANN | D64: DS 1217 | E64: ESO169 | F64: W 712/6 | G64: SP 402 B | H64: ZP 507A | J64: OC25 | K64: LF3338 | L64: H90W04 | N64: E-21 M-10 | O64: BMW | P64: OIL FILTERS | Q64: 11421258039
A65: SP 402 B | B65: SP402B | C65: ASAS | D65: DS 1217 | E65: ESO169 | F65: W 712/6 | G65: SP 402 B | H65: ZP 507A | J65: OC25 | K65: LF3338 | L65: H90W04 | N65: E-21 M-10 | O65: BMW | P65: OIL FILTERS | Q65: 11421258039
A66: ZP 507A | B66: ZP507A | C66: FIL | D66: DS 1217 | E66: ESO169 | F66: W 712/6 | G66: SP 402 B | H66: ZP 507A | J66: OC25 | K66: LF3338 | L66: H90W04 | N66: E-21 M-10 | O66: BMW | P66: OIL FILTERS | Q66: 11421258039
A67: OC25 | B67: OC25 | C67: MAHLE | D67: DS 1217 | E67: ESO169 | F67: W 712/6 | G67: SP 402 B | H67: ZP 507A | J67: OC25 | K67: LF3338 | L67: H90W04 | N67: E-21 M-10 | O67: BMW | P67: OIL FILTERS | Q67: 11421258039
A68: LF3338 | B68: LF3338 | C68: FLEETGUARD | D68: DS 1217 | E68: ESO169 | F68: W 712/6 | G68: SP 402 B | H68: ZP 507A | J68: OC25 | K68: LF3338 | L68: H90W04 | N68: E-21 M-10 | O68: BMW | P68: OIL FILTERS | Q68: 11421258039
A69: H90W04 | B69: H90W04 | C69: HENGST | D69: DS 1217 | E69: ESO169 | F69: W 712/6 | G69: SP 402 B | H69: ZP 507A | J69: OC25 | K69: LF3338 | L69: H90W04 | N69: E-21 M-10 | O69: BMW | P69: OIL FILTERS | Q69: 11421258039
A70: 11421258039 | B70: 11421258039 | C70: OEM | D70: DS 1217 | E70: ESO169 | F70: W 712/6 | G70: SP 402 B | H70: ZP 507A | J70: OC25 | K70: LF3338 | L70: H90W04 | N70: E-21 M-10 | O70: BMW | P70: OIL FILTERS | Q70: 11421258039
A71: DS 1240 | B71: DS1240 | C71: DELSA | D71: DS 1240 | E71: ESO160 | F71: W 719/5 | G71: SP 402/A BV | H71: ZP 523A2 | N71: E-30 M-20 | O71: BMW | P71: OIL FILTERS | Q71: 11421266773
A72: ESO160 | B72: ESO160 | C72: EKSPER | D72: DS 1240 | E72: ESO160 | F72: W 719/5 | G72: SP 402/A BV | H72: ZP 523A2 | N72: E-30 M-20 | O72: BMW | P72: OIL FILTERS | Q72: 11421266773
A73: W 719/5 | B73: W719/5 | C73: MANN | D73: DS 1240 | E73: ESO160 | F73: W 719/5 | G73: SP 402/A BV | H73: ZP 523A2 | N73: E-30 M-20 | O73: BMW | P73: OIL FILTERS | Q73: 11421266773
A74: SP 402/A BV | B74: SP402/ABV | C74: ASAS | D74: DS 1240 | E74: ESO160 | F74: W 719/5 | G74: SP 402/A BV | H74: ZP 523A2 | N74: E-30 M-20 | O74: BMW | P74: OIL FILTERS | Q74: 11421266773
A75: ZP 523A2 | B75: ZP523A2 | C75: FIL | D75: DS 1240 | E75: ESO160 | F75: W 719/5 | G75: SP 402/A BV | H75: ZP 523A2 | N75: E-30 M-20 | O75: BMW | P75: OIL FILTERS | Q75: 11421266773
A76: 11421266773 | B76: 11421266773 | C76: OEM | D76: DS 1240 | E76: ESO160 | F76: W 719/5 | G76: SP 402/A BV | H76: ZP 523A2 | N76: E-30 M-20 | O76: BMW | P76: OIL FILTERS | Q76: 11421266773
A77: DS 1240 | B77: DS1240 | C77: DELSA | D77: DS 1240 | E77: ESO192 | F77: W 719/5 | G77: SP 402/A BV | H77: ZP 523A2 | N77: E-30 M-20 | O77: BMW | P77: OIL FILTERS | Q77: 11421266773
A78: ESO192 | B78: ESO192 | C78: EKSPER | D78: DS 1240 | E78: ESO192 | F78: W 719/5 | G78: SP 402/A BV | H78: ZP 523A2 | N78: E-30 M-20 | O78: BMW | P78: OIL FILTERS | Q78: 11421266773
A79: W 719/5 | B79: W719/5 | C79: MANN | D79: DS 1240 | E79: ESO192 | F79: W 719/5 | G79: SP 402/A BV | H79: ZP 523A2 | N79: E-30 M-20 | O79: BMW | P79: OIL FILTERS | Q79: 11421266773
A80: SP 402/A BV | B80: SP402/ABV | C80: ASAS | D80: DS 1240 | E80: ESO192 | F80: W 719/5 | G80: SP 402/A BV | H80: ZP 523A2 | N80: E-30 M-20 | O80: BMW | P80: OIL FILTERS | Q80: 11421266773
A81: ZP 523A2 | B81: ZP523A2 | C81: FIL | D81: DS 1240 | E81: ESO192 | F81: W 719/5 | G81: SP 402/A BV | H81: ZP 523A2 | N81: E-30 M-20 | O81: BMW | P81: OIL FILTERS | Q81: 11421266773
A82: 11421266773 | B82: 11421266773 | C82: OEM | D82: DS 1240 | E82: ESO192 | F82: W 719/5 | G82: SP 402/A BV | H82: ZP 523A2 | N82: E-30 M-20 | O82: BMW | P82: OIL FILTERS | Q82: 11421266773
A83: DE 526 FE | B83: DE526FE | C83: DELSA | D83: DE 526 FE | E83: ECF040 | F83: PU 742 | G83: AS3560 | H83: MFE 1396 | I83: F005 | J83: KX69 | N83: E-46 318 d/td, 320 d(Turbodiesel) M-47 | O83: BMW | P83: FUEL FILTERS | Q83: 13322246881
A84: ECF040 | B84: ECF040 | C84: EKSPER | D84: DE 526 FE | E84: ECF040 | F84: PU 742 | G84: AS3560 | H84: MFE 1396 | I84: F005 | J84: KX69 | N84: E-46 318 d/td, 320 d(Turbodiesel) M-47 | O84: BMW | P84: FUEL FILTERS | Q84: 13322246881
A85: PU 742 | B85: PU742 | C85: MANN | D85: DE 526 FE | E85: ECF040 | F85: PU 742 | G85: AS3560 | H85: MFE 1396 | I85: F005 | J85: KX69 | N85: E-46 318 d/td, 320 d(Turbodiesel) M-47 | O85: BMW | P85: FUEL FILTERS | Q85: 13322246881
A86: AS3560 | B86: AS3560 | C86: ASAS | D86: DE 526 FE | E86: ECF040 | F86: PU 742 | G86: AS3560 | H86: MFE 1396 | I86: F005 | J86: KX69 | N86: E-46 318 d/td, 320 d(Turbodiesel) M-47 | O86: BMW | P86: FUEL FILTERS | Q86: 13322246881
A87: MFE 1396 | B87: MFE1396 | C87: FIL | D87: DE 526 FE | E87: ECF040 | F87: PU 742 | G87: AS3560 | H87: MFE 1396 | I87: F005 | J87: KX69 | N87: E-46 318 d/td, 320 d(Turbodiesel) M-47 | O87: BMW | P87: FUEL FILTERS | Q87: 13322246881
A88: F005 | B88: F005 | C88: MISFAT | D88: DE 526 FE | E88: ECF040 | F88: PU 742 | G88: AS3560 | H88: MFE 1396 | I88: F005 | J88: KX69 | N88: E-46 318 d/td, 320 d(Turbodiesel) M-47 | O88: BMW | P88: FUEL FILTERS | Q88: 13322246881
A89: KX69 | B89: KX69 | C89: MAHLE | D89: DE 526 FE | E89: ECF040 | F89: PU 742 | G89: AS3560 | H89: MFE 1396 | I89: F005 | J89: KX69 | N89: E-46 318 d/td, 320 d(Turbodiesel) M-47 | O89: BMW | P89: FUEL FILTERS | Q89: 13322246881
A90: 13322246881 | B90: 13322246881 | C90: OEM | D90: DE 526 FE | E90: ECF040 | F90: PU 742 | G90: AS3560 | H90: MFE 1396 | I90: F005 | J90: KX69 | N90: E-46 318 d/td, 320 d(Turbodiesel) M-47 | O90: BMW | P90: FUEL FILTERS | Q90: 13322246881
A91: DF 4124 S | B91: DF4124S | C91: DELSA | D91: DF 4124 S | E91: EPA052 | F91: C 2567 | G91: HF8224F | H91: HP 2251 | J91: LX1617 | L91: E616L | M91: 1444W91444X3-1147681 | N91: Mini Cooper II 1.6 Diesel | O91: BMW | P91: AIR FILTERS | Q91: 13717806046
A92: EPA052 | B92: EPA052 | C92: EKSPER | D92: DF 4124 S | E92: EPA052 | F92: C 2567 | G92: HF8224F | H92: HP 2251 | J92: LX1617 | L92: E616L | M92: 1444W91444X3-1147681 | N92: Mini Cooper II 1.6 Diesel | O92: BMW | P92: AIR FILTERS | Q92: 13717806046
A93: C 2567 | B93: C2567 | C93: MANN | D93: DF 4124 S | E93: EPA052 | F93: C 2567 | G93: HF8224F | H93: HP 2251 | J93: LX1617 | L93: E616L | M93: 1444W91444X3-1147681 | N93: Mini Cooper II 1.6 Diesel | O93: BMW | P93: AIR FILTERS | Q93: 13717806046
A94: HF8224F | B94: HF8224F | C94: ASAS | D94: DF 4124 S | E94: EPA052 | F94: C 2567 | G94: HF8224F | H94: HP 2251 | J94: LX1617 | L94: E616L | M94: 1444W91444X3-1147681 | N94: Mini Cooper II 1.6 Diesel | O94: BMW | P94: AIR FILTERS | Q94: 13717806046
A95: HP 2251 | B95: HP2251 | C95: FIL | D95: DF 4124 S | E95: EPA052 | F95: C 2567 | G95: HF8224F | H95: HP 2251 | J95: LX1617 | L95: E616L | M95: 1444W91444X3-1147681 | N95: Mini Cooper II 1.6 Diesel | O95: BMW | P95: AIR FILTERS | Q95: 13717806046
A96: LX1617 | B96: LX1617 | C96: MAHLE | D96: DF 4124 S | E96: EPA052 | F96: C 2567 | G96: HF8224F | H96: HP 2251 | J96: LX1617 | L96: E616L | M96: 1444W91444X3-1147681 | N96: Mini Cooper II 1.6 Diesel | O96: BMW | P96: AIR FILTERS | Q96: 13717806046
A97: E616L | B97: E616L | C97: HENGST | D97: DF 4124 S | E97: EPA052 | F97: C 2567 | G97: HF8224F | H97: HP 2251 | J97: LX1617 | L97: E616L | M97: 1444W91444X3-1147681 | N97: Mini Cooper II 1.6 Diesel | O97: BMW | P97: AIR FILTERS | Q97: 13717806046
A98: 1444W91444X3-1147681 | B98: 1444W91444X3-1147681 | C98: AUTRE | D98: DF 4124 S | E98: EPA052 | F98: C 2567 | G98: HF8224F | H98: HP 2251 | J98: LX1617 | L98: E616L | M98: 1444W91444X3-1147681 | N98: Mini Cooper II 1.6 Diesel | O98: BMW | P98: AIR FILTERS | Q98: 13717806046
A99: 13717806046 | B99: 13717806046 | C99: OEM | D99: DF 4124 S | E99: EPA052 | F99: C 2567 | G99: HF8224F | H99: HP 2251 | J99: LX1617 | L99: E616L | M99: 1444W91444X3-1147681 | N99: Mini Cooper II 1.6 Diesel | O99: BMW | P99: AIR FILTERS | Q99: 13717806046
A100: DF 4036 | B100: DF4036 | C100: DELSA | D100: DF 4036 | E100: EPA027 | F100: C 26110/1 | G100: HF 8022 | H100: HP 2023 | J100: LX105 | L100: E41L | M100: 6040940104 | N100: E-30 316i, 318i, E-36 316i, 318iE-34 518i (M-40) | O100: BMW | P100: AIR FILTERS | Q100: 13721715880
A101: EPA027 | B101: EPA027 | C101: EKSPER | D101: DF 4036 | E101: EPA027 | F101: C 26110/1 | G101: HF 8022 | H101: HP 2023 | J101: LX105 | L101: E41L | M101: 6040940104 | N101: E-30 316i, 318i, E-36 316i, 318iE-34 518i (M-40) | O101: BMW | P101: AIR FILTERS | Q101: 13721715880
A102: C 26110/1 | B102: C26110/1 | C102: MANN | D102: DF 4036 | E102: EPA027 | F102: C 26110/1 | G102: HF 8022 | H102: HP 2023 | J102: LX105 | L102: E41L | M102: 6040940104 | N102: E-30 316i, 318i, E-36 316i, 318iE-34 518i (M-40) | O102: BMW | P102: AIR FILTERS | Q102: 13721715880
... A108: 13721715880 | B108: 13721715880 | C108: OEM | D108: DF 4036 | E108: EPA027 | F108: C 26110/1 | G108: HF 8022 | H108: HP 2023 | J108: LX105 | L108: E41L | M108: 6040940104 | N108: E-30 316i, 318i, E-36 316i, 318iE-34 518i (M-40) | O108: BMW | P108: AIR FILTERS | Q108: 13721715880
A109: DE 427 E | B109: DE427E | C109: DELSA | D109: DE 427 E | E109: ECO030 | F109: HU 713/1 x | G109: AS 1523 | H109: MLE 1424 | I109: 0 | J109: OX371D | L109: E60HD110 | M109: PurfluxL330-Fıat73500049-FıaamFA5677ECO | N109: Albea, Doblo Multijet 1.3 | O109: FIAT-ALFA ROMEO-LANCIA | P109: OIL FILTERS | Q109: 73500049
A110: ECO030 | B110: ECO030 | C110: EKSPER | D110: DE 427 E | E110: ECO030 | F110: HU 713/1 x | G110: AS 1523 | H110: MLE 1424 | I110: 0 | J110: OX371D | L110: E60HD110 | M110: PurfluxL330-Fıat73500049-FıaamFA5677ECO | N110: Albea, Doblo Multijet 1.3 | O110: FIAT-ALFA ROMEO-LANCIA | P110: OIL FILTERS | Q110: 73500049
A111: HU 713/1 x | B111: HU713/1X | C111: MANN | D111: DE 427 E | E111: ECO030 | F111: HU 713/1 x | G111: AS 1523 | H111: MLE 1424 | I111: 0 | J111: OX371D | L111: E60HD110 | M111: PurfluxL330-Fıat73500049-FıaamFA5677ECO | N111: Albea, Doblo Multijet 1.3 | O111: FIAT-ALFA ROMEO-LANCIA | P111: OIL FILTERS | Q111: 73500049
A112: AS 1523 | B112: AS1523 | C112: ASAS | D112: DE 427 E | E112: ECO030 | F112: HU 713/1 x | G112: AS 1523 | H112: MLE 1424 | I112: 0 | J112: OX371D | L112: E60HD110 | M112: PurfluxL330-Fıat73500049-FıaamFA5677ECO | N112: Albea, Doblo Multijet 1.3 | O112: FIAT-ALFA ROMEO-LANCIA | P112: OIL FILTERS | Q112: 73500049
A113: MLE 1424 | B113: MLE1424 | C113: FIL | D113: DE 427 E | E113: ECO030 | F113: HU 713/1 x | G113: AS 1523 | H113: MLE 1424 | I113: 0 | J113: OX371D | L113: E60HD110 | M113: PurfluxL330-Fıat73500049-FıaamFA5677ECO | N113: Albea, Doblo Multijet 1.3 | O113: FIAT-ALFA ROMEO-LANCIA | P113: OIL FILTERS | Q113: 73500049
A114: 0 | B114: 0 | C114: MISFAT | D114: DE 427 E | E114: ECO030 | F114: HU 713/1 x | G114: AS 1523 | H114: MLE 1424 | I114: 0 | J114: OX371D | L114: E60HD110 | M114: PurfluxL330-Fıat73500049-FıaamFA5677ECO | N114: Albea, Doblo Multijet 1.3 | O114: FIAT-ALFA ROMEO-LANCIA | P114: OIL FILTERS | Q114: 73500049
A115: OX371D | B115: OX371D | C115: MAHLE | D115: DE 427 E | E115: ECO030 | F115: HU 713/1 x | G115: AS 1523 | H115: MLE 1424 | I115: 0 | J115: OX371D | L115: E60HD110 | M115: PurfluxL330-Fıat73500049-FıaamFA5677ECO | N115: Albea, Doblo Multijet 1.3 | O115: FIAT-ALFA ROMEO-LANCIA | P115: OIL FILTERS | Q115: 73500049
A116: E60HD110 | B116: E60HD110 | C116: HENGST | D116: DE 427 E | E116: ECO030 | F116: HU 713/1 x | G116: AS 1523 | H116: MLE 1424 | I116: 0 | J116: OX371D | L116: E60HD110 | M116: PurfluxL330-Fıat73500049-FıaamFA5677ECO | N116: Albea, Doblo Multijet 1.3 | O116: FIAT-ALFA ROMEO-LANCIA | P116: OIL FILTERS | Q116: 73500049
A117: PurfluxL330-Fıat73500049-FıaamFA5677ECO | B117: PURFLUXL330-FIAT73500049-FIAAMFA5677ECO | C117: AUTRE | D117: DE 427 E | E117: ECO030 | F117: HU 713/1 x | G117: AS 1523 | H117: MLE 1424 | I117: 0 | J117: OX371D | L117: E60HD110 | M117: PurfluxL330-Fıat73500049-FıaamFA5677ECO | N117: Albea, Doblo Multijet 1.3 | O117: FIAT-ALFA ROMEO-LANCIA | P117: OIL FILTERS | Q117: 73500049
A118: 73500049 | B118: 73500049 | C118: OEM | D118: DE 427 E | E118: ECO030 | F118: HU 713/1 x | G118: AS 1523 | H118: MLE 1424 | I118: 0 | J118: OX371D | L118: E60HD110 | M118: PurfluxL330-Fıat73500049-FıaamFA5677ECO | N118: Albea, Doblo Multijet 1.3 | O118: FIAT-ALFA ROMEO-LANCIA | P118: OIL FILTERS | Q118: 73500049
A119: DE 429 E | B119: DE429E | C119: DELSA | D119: DE 429 E | E119: ECO042 | F119: HU 712/7 x | G119: AS 1580 | H119: MLE 1425 | I119: L114 | J119: OX418D | L119: E107HD166 | M119: 5650367 | N119: Fiorino 1.3 Multijet(08-->), Linea 1.3JTD | O119: FIAT-ALFA ROMEO-LANCIA | P119: OIL FILTERS | Q119: 55197218
...

Sheet CORRESPONDANCES
A1: TOUTES LES REFS SANS ESPACES (colonne de recherche) | B1: DELSA | C1: EKSPER | D1: MANN | E1: ASAS | F1: FIL | G1: MISFAT | H1: MAHLE | I1: FLEETGUARD | J1: HENGST | K1: AUTRES | L1: APPLICATION | M1: MARQUE/VEHICULE | N1: TYPE FILTRE | O1: OEM | P1: SOURCE
A2: DE341 EO060 H973X AS276X ML1323 11429064276 | B2: DE 341 | C2: EO060 | D2: H 973 x | E2: AS 276 x | F2: ML 1323 | L2: E-34 524 td ( 88<=>95) M-21 | M2: BMW | N2: OIL FILTERS | O2: 11429064276 | P2: MATCH | Q2: DE341 | R2: EO060
A3: DE458E ECO014 HU715/4X AS1534 MLE1375 E104HD43 11421432097 | B3: DE 458 E | C3: ECO014 | D3: HU 715/4 x | E3: AS 1534 | F3: MLE 1375 | J3: E104HD43 | L3: E-36 3.16i, 3.18, 3.18i,3.18is, 3.18ti Compact M-43 | M3: BMW | N3: OIL FILTERS | O3: 11421432097 | P3: MATCH | Q3: DE458E | R3: ECO014
A4: DE463E ECO007Z HU718/1Z AS1548 MLE1353B 11422247018 | B4: DE 463 E | C4: ECO007Z | D4: HU 718/1 z | E4: AS 1548 | F4: MLE 1353B | L4: E-46 320d, 320TD,Compact (08/01=>) M-47 | M4: BMW | N4: OIL FILTERS | O4: 11422247018 | P4: MATCH | Q4: DE463E | R4: ECO007Z
A5: DE472E ECO060 HU721/4X AS2504 MLE1478 11427788454 | B5: DE 472 E | C5: ECO060 | D5: HU 721/4 x | E5: AS 2504 | F5: MLE 1478 | L5: E-46 330d, X5(E53) 3.0d (03-06) M-57 | M5: BMW | N5: OIL FILTERS | O5: 11427788454 | P5: MATCH | Q5: DE472E | R5: ECO060
A6: DE473E ECO049 HU722X AS1572 MLE1448A L021 OX368D 11427787697 | B6: DE 473 E | C6: ECO049 | D6: HU 722 x | E6: AS 1572 | F6: MLE 1448A | G6: L021 | H6: OX368D | L6: E-46 320d, 320td Compact (08/01=>) M-47 | M6: BMW | N6: OIL FILTERS | O6: 11427787697 | P6: MATCH | Q6: DE473E | R6: ECO049
A7: DE490E ECO009 HU925/4X AS1555 MLE1376 OX1541D E106HD34 11421427908 | B7: DE 490 E | C7: ECO009 | D7: HU 925/4 x | E7: AS 1555 | F7: MLE 1376 | G7: 0 | H7: OX1541D | J7: E106HD34 | L7: E-39, E-46 M-52 | M7: BMW | N7: OIL FILTERS | O7: 11421427908 | P7: MATCH | Q7: DE490E | R7: ECO009
A8: DE491E ECO021 HU926/3X AS1526 MLE1373A OX68D E110HD24 11421730389 | B8: DE 491 E | C8: ECO021 | D8: HU 926/3 x | E8: AS 1526 | F8: MLE 1373A | G8: 0 | H8: OX68D | J8: E110HD24 | L8: E-34, E-36 M-50 | M8: BMW | N8: OIL FILTERS | O8: 11421730389 | P8: MATCH | Q8: DE491E | R8: ECO021
A9: DE492E ECO022 HU930/3X AS1530 MLE1373B OX41D E128HD24 11429063138 | B9: DE 492 E | C9: ECO022 | D9: HU 930/3 x | E9: AS 1530 | F9: MLE 1373B | G9: 0 | H9: OX41D | J9: E128HD24 | L9: E-34, E-12, E-28, E-23, E-32,M-60 | M9: BMW | N9: OIL FILTERS | O9: 11429063138 | P9: MATCH | Q9: DE492E | R9: ECO022
A10: DS1217 ESO169 W712/6 SP402B ZP507A OC25 LF3338 H90W04 11421258039 | B10: DS 1217 | C10: ESO169 | D10: W 712/6 | E10: SP 402 B | F10: ZP 507A | H10: OC25 | I10: LF3338 | J10: H90W04 | L10: E-21 M-10 | M10: BMW | N10: OIL FILTERS | O10: 11421258039 | P10: MATCH | Q10: DS1217 | R10: ESO169
A11: DS1240 ESO160 W719/5 SP402/ABV ZP523A2 11421266773 | B11: DS 1240 | C11: ESO160 | D11: W 719/5 | E11: SP 402/A BV | F11: ZP 523A2 | L11: E-30 M-20 | M11: BMW | N11: OIL FILTERS | O11: 11421266773 | P11: MATCH | Q11: DS1240 | R11: ESO160
A12: DS1240 ESO192 W719/5 SP402/ABV ZP523A2 11421266773 | B12: DS 1240 | C12: ESO192 | D12: W 719/5 | E12: SP 402/A BV | F12: ZP 523A2 | L12: E-30 M-20 | M12: BMW | N12: OIL FILTERS | O12: 11421266773 | P12: MATCH | Q12: DS1240 | R12: ESO192
A13: DE526FE ECF040 PU742 AS3560 MFE1396 F005 KX69 13322246881 | B13: DE 526 FE | C13: ECF040 | D13: PU 742 | E13: AS3560 | F13: MFE 1396 | G13: F005 | H13: KX69 | L13: E-46 318 d/td, 320 d(Turbodiesel) M-47 | M13: BMW | N13: FUEL FILTERS | O13: 13322246881 | P13: MATCH | Q13: DE526FE | R13: ECF040
A14: DF4124S EPA052 C2567 HF8224F HP2251 LX1617 E616L 1444W91444X3-1147681 13717806046 | B14: DF 4124 S | C14: EPA052 | D14: C 2567 | E14: HF8224F | F14: HP 2251 | H14: LX1617 | J14: E616L | K14: 1444W91444X3-1147681 | L14: Mini Cooper II 1.6 Diesel | M14: BMW | N14: AIR FILTERS | O14: 13717806046 | P14: MATCH | Q14: DF4124S | R14: EPA052
A15: DF4036 EPA027 C26110/1 HF8022 HP2023 LX105 E41L 6040940104 13721715880 | B15: DF 4036 | C15: EPA027 | D15: C 26110/1 | E15: HF 8022 | F15: HP 2023 | H15: LX105 | J15: E41L | K15: 6040940104 | L15: E-30 316i, 318i, E-36 316i, 318iE-34 518i (M-40) | M15: BMW | N15: AIR FILTERS | O15: 13721715880 | P15: MATCH | Q15: DF4036 | R15: EPA027
A16: DE427E ECO030 HU713/1X AS1523 MLE1424 OX371D E60HD110 PURFLUXL330-FIAT73500049-FIAAMFA5677ECO 73500049 | B16: DE 427 E | C16: ECO030 | D16: HU 713/1 x | E16: AS 1523 | F16: MLE 1424 | G16: 0 | H16: OX371D | J16: E60HD110 | K16: PurfluxL330-Fıat73500049-FıaamFA5677ECO | L16: Albea, Doblo Multijet 1.3 | M16: FIAT-ALFA ROMEO-LANCIA | N16: OIL FILTERS | O16: 73500049 | P16: MATCH | Q16: DE427E | R16: ECO030
A17: DE429E ECO042 HU712/7X AS1580 MLE1425 L114 OX418D E107HD166 5650367 55197218 | B17: DE 429 E | C17: ECO042 | D17: HU 712/7 x | E17: AS 1580 | F17: MLE 1425 | G17: L114 | H17: OX418D | J17: E107HD166 | K17: 5650367 | L17: Fiorino 1.3 Multijet(08-->), Linea 1.3JTD | M17: FIAT-ALFA ROMEO-LANCIA | N17: OIL FILTERS | O17: 55197218 | P17: MATCH | Q17: DE429E | R17: ECO042
A18: DS1092 ESO082 W1126-W11261-W11262 SP628 ZP568 OC17-OC133 LF580 H40W 4371581 | B18: DS 1092 | C18: ESO082 | D18: W1126-W11261-W11262 | E18: SP 628 | F18: ZP 568 | H18: OC17-OC133 | I18: LF580 | J18: H40W | L18: FIAT Ducato 2.4D,2.5D | M18: FIAT-ALFA ROMEO-LANCIA | N18: OIL FILTERS | O18: 4371581 | P18: MATCH | Q18: DS1092 | R18: ESO082
A19: DS1207 ESO095 W712/16 SP834 ZP553A OC272 H90W15 46808398 | B19: DS 1207 | C19: ESO095 | D19: W 712/16 | E19: SP 834 | F19: ZP 553A | H19: OC272 | J19: H90W15 | L19: Panda II 1.1,1.2, Punto II, Stilo 1.8 | M19: FIAT-ALFA ROMEO-LANCIA | N19: OIL FILTERS | O19: 46808398 | P19: MATCH | Q19: DS1207 | R19: ESO095
A20: DS1245 ESO121 W79 SP939 ZP3107 OC471 46796687 | B20: DS 1245 | C20: ESO121 | D20: W 79 | E20: SP 939 | F20: ZP 3107 | H20: OC471 | L20: Bravo,Doblo,Punto II,Stilo 1.9 JTD | M20: FIAT-ALFA ROMEO-LANCIA | N20: OIL FILTERS | O20: 46796687 | P20: MATCH | Q20: DS1245 | R20: ESO121
A21: DS1245 ESO123 W79 SP939 ZP3107 H90W28 46796687 | B21: DS 1245 | C21: ESO123 | D21: W 79 | E21: SP 939 | F21: ZP 3107 | J21: H90W28 | L21: Bravo,Doblo,Punto II,Stilo 1.9 JTD | M21: FIAT-ALFA ROMEO-LANCIA | N21: OIL FILTERS | O21: 46796687 | P21: MATCH | Q21: DS1245 | R21: ESO123
A22: DS1221 ESO039 W713/5 SP573 ZP523B 4176610 | B22: DS 1221 | C22: ESO039 | D22: W 713/5 | E22: SP 573 | F22: ZP 523B | L22: Tempra 1.8ie, 2.0ie ,Tipo 1.8ie,2.0ie | M22: FIAT-ALFA ROMEO-LANCIA | N22: OIL FILTERS | O22: 4176610 | P22: MATCH | Q22: DS1221 | R22: ESO039
A23: DS1224 ESO041 W713/16 SP572 ZP553 Z196 OC66 5984044 | B23: DS 1224 | C23: ESO041 | D23: W 713/16 | E23: SP 572 | F23: ZP 553 | G23: Z196 | H23: OC66 | L23: Uno, Tipo, Tempra, Doğan, Şahin,Kartal, Siena,Palio, Marea,Bravo | M23: FIAT-ALFA ROMEO-LANCIA | N23: OIL FILTERS | O23: 5984044 | P23: MATCH | Q23: DS1224 | R23: ESO041
A24: DS1226 ESO158 W713/23 SP571 ZP523C 4212109 | B24: DS 1226 | C24: ESO158 | D24: W 713/23 | E24: SP 571 | F24: ZP 523C | L24: Uno 1.3,1.4, Tipo 1.4,1.6, Tempra 1.4,1.6 | M24: FIAT-ALFA ROMEO-LANCIA | N24: OIL FILTERS | O24: 4212109 | P24: MATCH | Q24: DS1226 | R24: ESO158
A25: DS1229 ESO193 W714/4 SP903 ZP3553 46402457 | B25: DS 1229 | C25: ESO193 | D25: W 714/4 | E25: SP 903 | F25: ZP 3553 | L25: Doblo,Siena,Marea 1.9JTD (01-->) | M25: FIAT-ALFA ROMEO-LANCIA | N25: OIL FILTERS | O25: 46402457 | P25: MATCH | Q25: DS1229 | R25: ESO193
A26: DS1281 ESO064 W920/21 SP407 ZP506 Z257 OC204 4126435 | B26: DS 1281 | C26: ESO064 | D26: W 920/21 | E26: SP 407 | F26: ZP 506 | G26: Z257 | H26: OC204 | L26: Tofaş All Models | M26: FIAT-ALFA ROMEO-LANCIA | N26: OIL FILTERS | O26: 4126435 | P26: MATCH | Q26: DS1281 | R26: ESO064
A27: DS1281 ESO040 W920/21 SP407 ZP506 Z176 OC141 4126435 | B27: DS 1281 | C27: ESO040 | D27: W 920/21 | E27: SP 407 | F27: ZP 506 | G27: Z176 | H27: OC141 | L27: Tofaş All Models | M27: FIAT-ALFA ROMEO-LANCIA | N27: OIL FILTERS | O27: 4126435 | P27: MATCH | Q27: DS1281 | R27: ESO040
A28: DS1319 ESO051B W940/62 SP1445 ZP549B 8093784 | B28: DS 1319 | C28: ESO051B | D28: W 940/62 | E28: SP 1445 | F28: ZP 549B | L28: Ducato 2.3JTD,2.8JTD (02-06) | M28: FIAT-ALFA ROMEO-LANCIA | N28: OIL FILTERS | O28: 8093784 | P28: MATCH | Q28: DS1319 | R28: ESO051B
A29: DE508FE ECF025 PU723X AS3529 MFE1558MB F116 KX208D E83KPD140 77362340 | B29: DE 508 FE | C29: ECF025 | D29: PU 723 x | E29: AS3529 | F29: MFE 1558MB | G29: F116 | H29: KX208D | J29: E83KPD140 | K29: 77362340 | L29: Albea, Doblo Multijet, Ducato (2002-->) (Paper) | M29: FIAT-ALFA ROMEO-LANCIA | N29: FUEL FILTERS | O29: 77362340 | P29: MATCH | Q29: DE508FE | R29: ECF025
A30: DE508FEN ECF025 PU723X AS3529 KFE1460 F116 KX208D E83KPD140 77362340 | B30: DE 508 FEN | C30: ECF025 | D30: PU723X | E30: AS 3529 | F30: KFE 1460 | G30: F116 | H30: KX208D | J30: E83KPD140 | K30: 77362340 | L30: Albea, Doblo Multijet, Ducato (2002-->) (Felt) | M30: FIAT-ALFA ROMEO-LANCIA | N30: FUEL FILTERS | O30: 77362340 | P30: MATCH | Q30: DE508FEN | R30: ECF025
A31: DE552FES ECF061 PU830X AS3555WDK MFE1417MB F101 9401906768 | B31: DE 552 FES | C31: ECF061 | D31: PU 830 x | E31: AS 3555 WDK | F31: MFE 1417MB | G31: F101 | L31: Scudo 2.0 JTD,Ulysse II,Lancia Phedra | M31: FIAT-ALFA ROMEO-LANCIA | N31: FUEL FILTERS | O31: 9401906768 | P31: MATCH | Q31: DE552FES | R31: ECF061
A32: DE531FE ECF007 PU922X AS3522 MFE1363 F691 KX87D E62KPD91 9401906508 | B32: DE 531 FE | C32: ECF007 | D32: PU 922 x | E32: AS 3522 | F32: MFE 1363 | G32: F691 | H32: KX87D | J32: E62KPD91 | L32: Scudo 2.0 JTD 06/00-->(Bosch) | M32: FIAT-ALFA ROMEO-LANCIA | N32: FUEL FILTERS | O32: 9401906508 | P32: MATCH | Q32: DE531FE | R32: ECF007
A33: DE506FE ECF008 PU1021X AS3646 MFE1332 FM646 DÜZELTİLDİ! 9628890680 | B33: DE 506 FE | C33: ECF008 | D33: PU 1021 x | E33: AS 3646 | F33: MFE 1332 | G33: FM646 | H33: DÜZELTİLDİ! | L33: Scudo 1.9D 04/98> | M33: FIAT-ALFA ROMEO-LANCIA | N33: FUEL FILTERS | O33: 9628890680 | P33: MATCH | Q33: DE506FE | R33: ECF008
A34: DS1450F ESF117 WK821 SP641M ZP3034F KC51-KC52 71736114 | B34: DS 1450 F | C34: ESF117 | D34: WK 821 | E34: SP 641 M | F34: ZP 3034F | H34: KC51-KC52 | L34: Bravo,Fiorino, Marea 1.9TD | M34: FIAT-ALFA ROMEO-LANCIA | N34: FUEL FILTERS | O34: 71736114 | P34: MATCH | Q34: DS1450F | R34: ESF117
A35: DS1466F ESF016 WK842/2 SP597M ZP05AF M351A KC17D FF5135 H70WK02 37135706 | B35: DS 1466 F | C35: ESF016 | D35: WK 842/2 | E35: SP 597 M | F35: ZP 05AF | G35: M351A | H35: KC17D | I35: FF5135 | J35: H70WK02 | L35: Ducato 1.9D (81-02), Siena 1.7TD (96-->) | M35: FIAT-ALFA ROMEO-LANCIA | N35: FUEL FILTERS | O35: 37135706 | P35: MATCH | Q35: DS1466F | R35: ESF016
A36: DS1478F ESF112 WK854/6 SP897M ZP3071F M609 KC140 H159WK 46797378 | B36: DS 1478 F | C36: ESF112 | D36: WK 854/6 | E36: SP 897 M | F36: ZP 3071F | G36: M609 | H36: KC140 | J36: H159WK | L36: Yeni Doblo 1.9JTD 01/01-->,Bravo,Ducato,Marea,Palio,Siena,Stilo | M36: FIAT-ALFA ROMEO-LANCIA | N36: FUEL FILTERS | O36: 46797378 | P36: MATCH | Q36: DS1478F | R36: ESF112
A37: DS1531F ESF080 WK853/8 SP698M ZP3041CF M350 KC112 FF5046 H81WK01 9947995 | B37: DS 1531 F | C37: ESF080 | D37: WK 853/8 | E37: SP 698 M | F37: ZP 3041CF | G37: M350 | H37: KC112 | I37: FF5046 | J37: H81WK01 | L37: Brava,Bravo,Marea, Punto II, 1.9 JTD(99-00) | M37: FIAT-ALFA ROMEO-LANCIA | N37: FUEL FILTERS | O37: 9947995 | P37: MATCH | Q37: DS1531F | R37: ESF080
A38: DF4146S EPA004 C2859 HP2153 LX1827 E1020L 46481588 55192012 | B38: DF 4146 S | C38: EPA004 | D38: C 2859 | F38: HP 2153 | H38: LX1827 | J38: E1020L | K38: 46481588 | L38: Punto III, 1.2 8V,1.4 8V (05-->) | M38: FIAT-ALFA ROMEO-LANCIA | N38: AIR FILTERS | O38: 55192012 | P38: MATCH | Q38: DF4146S | R38: EPA004
A39: DP3058 ERA005 C12104 HF5103 HPU4391 LX855 E480L 7721380 46552772 | B39: DP 3058 | C39: ERA005 | D39: C 12104 | E39: HF 5103 | F39: HPU 4391 | H39: LX855 | J39: E480L | K39: 7721380 | L39: Punto II 1.9 JTD 07/03--> | M39: FIAT-ALFA ROMEO-LANCIA | N39: AIR FILTERS | O39: 46552772 | P39: MATCH | Q39: DP3058 | R39: ERA005
A40: DF4021 EPA006 C2341 HF8088 HP2082 LX580 E547L 7701477208 46536382 | B40: DF 4021 | C40: EPA006 | D40: C 2341 | E40: HF 8088 | F40: HP 2082 | H40: LX580 | J40: E547L | K40: 7701477208 | L40: Panda I 1.1,Punto I 1.1,1.2(94-00) | M40: FIAT-ALFA ROMEO-LANCIA | N40: AIR FILTERS | O40: 46536382 | P40: MATCH | Q40: DF4021 | R40: EPA006
A41: DP3093T ERA011 C2436 HF060S HPU426 LX160 E195L 71736135 4361617 | B41: DP 3093 T | C41: ERA011 | D41: C 2436 | E41: HF060S | F41: HPU 426 | H41: LX160 | J41: E195L | K41: 71736135 | L41: Doğan, Kartal, Şahin,Serçe(Inner-Outer Cover) | M41: FIAT-ALFA ROMEO-LANCIA | N41: AIR FILTERS | O41: 4361617 | P41: MATCH | Q41: DP3093T | R41: ERA011
A42: DF4134R EPA008 C25100 HF8033/S HP2043 LX618 E325L 7701047285-4416403 46481588 | B42: DF 4134 R | C42: EPA008 | D42: C 25100 | E42: HF 8033/S | F42: HP 2043 | H42: LX618 | J42: E325L | K42: 7701047285-4416403 | L42: Brava, Bravo, Marea, Alfa Romeo Alfa 145, 146, 155 | M42: FIAT-ALFA ROMEO-LANCIA | N42: AIR FILTERS | O42: 46481588 | P42: MATCH | Q42: DF4134R | R42: EPA008
A43: DF4032 EHA014 C2569 HF8038 HP2026 LX887 YANLIŞKODLAR! E285L 11EM21041 46420988 | B43: DF 4032 | C43: EHA014 | D43: C 2569 | E43: HF 8038 | F43: HP 2026 | H43: LX887 | I43: yanlış kodlar ! | J43: E285L | K43: 11EM21041 | L43: Albea, Palio, Siena | M43: FIAT-ALFA ROMEO-LANCIA | N43: AIR FILTERS | O43: 46420988 | P43: MATCH | Q43: DF4032 | R43: EHA014
A44: DF4135R EPA007 C2571 HF8219/S HP2087 LX625 E766L 7701045724 60561931 | B44: DF 4135 R | C44: EPA007 | D44: C 2571 | E44: HF 8219/S | F44: HP 2087 | H44: LX625 | J44: E766L | K44: 7701045724 | L44: Alfa Romeo, Alfa Spider 2.0 V6(95-04) | M44: FIAT-ALFA ROMEO-LANCIA | N44: AIR FILTERS | O44: 60561931 | P44: MATCH | Q44: DF4135R | R44: EPA007
A45: DF4042 EPA005 C2657/1 HF8026 HP2089 LX581 E607L 8200023480 71736125 | B45: DF 4042 | C45: EPA005 | D45: C 2657/1 | E45: HF 8026 | F45: HP 2089 | H45: LX581 | J45: E607L | K45: 8200023480 | L45: Punto 1.2 (94-00) | M45: FIAT-ALFA ROMEO-LANCIA | N45: AIR FILTERS | O45: 71736125 | P45: MATCH | Q45: DF4042 | R45: EPA005
A46: DP3105 ERA009 C2852 HF040/S HPU4174 46536222 7721380 | B46: DP 3105 | C46: ERA009 | D46: C 2852 | E46: HF 040/S | F46: HPU 4174 | K46: 46536222 | L46: Doğan SLX, SL (with inner mantel) | M46: FIAT-ALFA ROMEO-LANCIA | N46: AIR FILTERS | O46: 7721380 | P46: MATCH | Q46: DP3105 | R46: ERA009
A47: DP3106 ERA009 C2853 HF030S HPU4174 46536222 7721380 | B47: DP 3106 | C47: ERA009 | D47: C2853 | E47: HF030S | F47: HPU 4174 | K47: 46536222 | L47: Doğan SLX, SL (without mantel) | M47: FIAT-ALFA ROMEO-LANCIA | N47: AIR FILTERS | O47: 7721380 | P47: MATCH | Q47: DP3106 | R47: ERA009
A48: DF4074 EPA001 C3073 HF8187 HP2102 LX480 E557L 71736125 7633139 | B48: DF 4074 | C48: EPA001 | D48: C 3073 | E48: HF 8187 | F48: HP 2102 | H48: LX480 | J48: E557L | K48: 71736125 | L48: Punto I, 1.7TD (94-00) | M48: FIAT-ALFA ROMEO-LANCIA | N48: AIR FILTERS | O48: 7633 139 | P48: MATCH | Q48: DF4074 | R48: EPA001
A49: DP3114 ERA013 C3078 HF2049 HPU4398 LX853 E392L 7701001494 46536222 | B49: DP 3114 | C49: ERA013 | D49: C 3078 | E49: HF 2049 | F49: HPU 4398 | H49: LX853 | J49: E392L | K49: 7701001494 | L49: Doblo 1.2, LanciaY | M49: FIAT-ALFA ROMEO-LANCIA | N49: AIR FILTERS | O49: 46536222 | P49: MATCH | Q49: DP3114 | R49: ERA013
A50: DF4121Z EPA002 C3877 HF8231 HP2150 LX1920 E704L 46536382 55183265 | B50: DF 4121 Z | C50: EPA002 | D50: C 3877 | E50: HF8231 | F50: HP 2150 | H50: LX1920 | J50: E704L | K50: 46536382 | L50: Doblo,Albea,Fiorino,Punto,Linea,Panda 1.3M.jet | M50: FIAT-ALFA ROMEO-LANCIA | N50: AIR FILTERS | O50: 55183265 | P50: MATCH | Q50: DF4121Z | R50: EPA002
A51: DF4123ZS EPA003 C3877/1 HF8232/F HP2150A LX1920 E704L 60595381 55193849 | B51: DF 4123 ZS | C51: EPA003 | D51: C 3877/1 | E51: HF 8232/F | F51: HP 2150A | H51: LX1920 | J51: E704L | K51: 60595381 | L51: Doblo,Albea,Fiorino,Punto,Linea,Panda 1.3M.jet (sponge) | M51: FIAT-ALFA ROMEO-LANCIA | N51: AIR FILTERS | O51: 55193849 | P51: MATCH | Q51: DF4123ZS | R51: EPA003
A52: DP3053 ERA010 C1189 HF5053 HPU4309 LX2682 FF112 E698L 1349042080 46754989 | B52: DP 3053 | C52: ERA010 | D52: C 1189 | E52: HF 5053 | F52: HPU 4309 | H52: LX2682 | I52: FF112 | J52: E698L | K52: 1349042080 | L52: Doblo 1.9 JTD (00-->) | M52: FIAT-ALFA ROMEO-LANCIA | N52: AIR FILTERS | O52: 46754989 | P52: MATCH | Q52: DP3053 | R52: ERA010
A53: DP3078 ERA015 C17129 HF2038/S HPU645 LX4781 AF4906 E244L 5010230916 5983899 | B53: DP 3078 | C53: ERA015 | D53: C 17129 | E53: HF 2038/S | F53: HPU 645 | H53: LX4781 | I53: AF4906 | J53: E244L | K53: 5010230916 | L53: Ducato 1.9TD, 2.4TD, 2.5TD, Alfa romeo AR6, AR8 | M53: FIAT-ALFA ROMEO-LANCIA | N53: AIR FILTERS | O53: 5983899 | P53: MATCH | Q53: DP3078 | R53: ERA015
A54: DP3082 ERA012 C17278 HF5041 HPU438 LX611 AF25296 E328L 7700720987 1310636080 | B54: DP 3082 | C54: ERA012 | D54: C 17278 | E54: HF 5041 | F54: HPU 438 | H54: LX611 | I54: AF25296 | J54: E328L | K54: 7700720987 | L54: Ducato 2.8, 2.5TDI 03/94-03/02 | M54: FIAT-ALFA ROMEO-LANCIA | N54: AIR FILTERS | O54: 1310636080 | P54: MATCH | Q54: DP3082 | R54: ERA012
A55: DF4089 EPA048 C33156 HF8009 HP2018 LX572 E338L 1444QE1444ER-9651883380 9601099180 | B55: DF 4089 | C55: EPA048 | D55: C 33156 | E55: HF 8009 | F55: HP 2018 | H55: LX572 | J55: E338L | K55: 1444QE1444ER-9651883380 | L55: Scudo, Ulysse I, Lancia Phendra,Zeta | M55: FIAT-ALFA ROMEO-LANCIA | N55: AIR FILTERS | O55: 9601099180 | P55: MATCH | Q55: DF4089 | R55: EPA048
A56: DP3081 ERA014 C17237 HPU4422 LX2059 E839L 7701349530 1349042080 | B56: DP 3081 | C56: ERA014 | D56: C 17237 | F56: HPU 4422 | H56: LX2059 | J56: E839L | K56: 7701349530 | L56: Ducato 2007 2.2,2.3,30 JTD | M56: FIAT-ALFA ROMEO-LANCIA | N56: AIR FILTERS | O56: 1349042080 | P56: MATCH | Q56: DP3081 | R56: ERA014
A57: DE456E ECO034 HU713X AS1588 MLE1443 5012720 | B57: DE 456 E | C57: ECO034 | D57: HU 713 x | E57: AS 1588 | F57: MLE 1443 | L57: Escort I,II,III,IV,V,VI,VII 1.3,1.4,1.6 | M57: FORD | N57: OIL FILTERS | O57: 5012 720 | P57: MATCH | Q57: DE456E | R57: ECO034
A58: DE459E ECO036 HU716/2X AS1513 MLE1401 OX1712D E40HD105 1147685 | B58: DE 459 E | C58: ECO036 | D58: HU 716/2 x | E58: AS 1513 | F58: MLE 1401 | G58: 0 | H58: OX1712D | J58: E40HD105 | L58: Yeni Focus 1.6 TDI | M58: FORD | N58: OIL FILTERS | O58: 1147 685 | P58: MATCH | Q58: DE459E | R58: ECO036
A59: DE468E ECO016 HU719/7X AS1525 MLE1369 OX188D LF17482 E19HD83 71115562 1118184 | B59: DE 468 E | C59: ECO016 | D59: HU 719/7 x | E59: AS 1525 | F59: MLE 1369 | G59: 0 | H59: OX188D | I59: LF17482 | J59: E19HD83 | K59: 71115562 | L59: Galaxy 1.9 TDI | M59: FORD | N59: OIL FILTERS | O59: 1118 184 | P59: MATCH | Q59: DE468E | R59: ECO016
A60: DE475E ECO028 HU726/2X AS1527 MLE1348 OX143D E154HD48 1100696 | B60: DE 475 E | C60: ECO028 | D60: HU 726/2 x | E60: AS 1527 | F60: MLE 1348 | G60: 0 | H60: OX143D | J60: E154HD48 | L60: Galaxy 1.9 TDI 96> | M60: FORD | N60: OIL FILTERS | O60: 1100 696 | P60: MATCH | Q60: DE475E | R60: ECO028
A61: DE486E ECO024 HU920X AS1501 MLE1336 L107 OX191D LF16113 E33HD96 FORD1088279 1088179 | B61: DE 486 E | C61: ECO024 | D61: HU 920 x | E61: AS 1501 | F61: MLE 1336 | G61: L107 | H61: OX191D | I61: LF16113 | J61: E33HD96 | K61: FORD1088279 | L61: New Transit Oil, Mondeo III 2.0 TDCI | M61: FORD | N61: OIL FILTERS | O61: 1088 179 | P61: MATCH | Q61: DE486E | R61: ECO024
A62: DE486E ECO006 HU920X AS1501 MLE1336 OX155D LF3754 E161HD28 1088179 | B62: DE 486 E | C62: ECO006 | D62: HU 920 x | E62: AS 1501 | F62: MLE 1336 | G62: 0 | H62: OX155D | I62: LF3754 | J62: E161HD28 | L62: New Transit Oil, Mondeo III 2.0 TDCI | M62: FORD | N62: OIL FILTERS | O62: 1088 179 | P62: MATCH | Q62: DE486E | R62: ECO006
A63: DS1205 ESO204 W712 SP421 ZP507 5003329 | B63: DS 1205 | C63: ESO204 | D63: W 712 | E63: SP 421 | F63: ZP 507 | L63: Escort I,II, 1.0,1.3 | M63: FORD | N63: OIL FILTERS | O63: 5003 329 | P63: MATCH | Q63: DS1205 | R63: ESO204
A64: DS1277 ESO159 W916/1 SP1507 ZP542 OC36-OC123 LF689 H10W-H13W 11405640 | B64: DS 1277 | C64: ESO159 | D64: W 916/1 | E64: SP 1507 | F64: ZP542 | H64: OC36-OC123 | I64: LF689 | J64: H10W-H13W | L64: Escord 2.0 16V,Transit95 2.0 16V (1973-00) | M64: FORD | N64: OIL FILTERS | O64: 11405640 | P64: MATCH | Q64: DS1277 | R64: ESO159
A65: DS1210 ESO141 W712/28 SP821 ZP557B OC235 H90W19 1070523 | B65: DS 1210 | C65: ESO141 | D65: W 712/28 | E65: SP821 | F65: ZP 557B | H65: OC235 | J65: H90W19 | L65: Escort, Fiesta, Ka, Skoda | M65: FORD | N65: OIL FILTERS | O65: 1070 523 | P65: MATCH | Q65: DS1210 | R65: ESO141
A66: DS1237 ESO048 W719/27 SP856 ZP38A Z440 OC266 LF3339 H14W19 1119421 | B66: DS 1237 | C66: ESO048 | D66: W 719/27 | E66: SP 856 | F66: ZP 38A | G66: Z440 | H66: OC266 | I66: LF3339 | J66: H14W19 | L66: Focus I, Fusion, Galaxy, Fiesta V | M66: FORD | N66: OIL FILTERS | O66: 1119 421 | P66: MATCH | Q66: DS1237 | R66: ESO048
A67: DS1287 ESO030 W920/32 SP590 ZP592A Z280 OC232 LF3655 H10W10-H17W11 1059924 | B67: DS 1287 | C67: ESO030 | D67: W 920/32 | E67: SP 590 | F67: ZP 592A | G67: Z280 | H67: OC232 | I67: LF3655 | J67: H10W10-H17W11 | L67: Transit T12-15, Connect EFL 386 | M67: FORD | N67: OIL FILTERS | O67: 1059 924 | P67: MATCH | Q67: DS1287 | R67: ESO030
A68: DS1295 ESO050 W930/11 SP806 ZP08 Z189 OC65 6153085 | B68: DS 1295 | C68: ESO050 | D68: W 930/11 | E68: SP 806 | F68: ZP 08 | G68: Z189 | H68: OC65 | L68: Sierra I 2.3D(82-86),II 2.3D(sapphire) (82-93) | M68: FORD | N68: OIL FILTERS | O68: 6153 085 | P68: MATCH | Q68: DS1295 | R68: ESO050
A69: DS1305 ESO012 W940/1 SP401 ZP502 Z241 OC67 LF3306-LF3313-LF551A H17W02 1614735 | B69: DS 1305 | C69: ESO012 | D69: W 940/1 | E69: SP 401 | F69: ZP 502 | G69: Z241 | H69: OC67 | I69: LF3306-LF3313-LF551A | J69: H17W02 | L69: Explorler I, F 4000 | M69: FORD | N69: OIL FILTERS | O69: 1614 735 | P69: MATCH | Q69: DS1305 | R69: ESO012
A70: DS1520 ESO077 W920/45 SP820 LF3681 H10W18 3W7E-6714-AA | B70: DS 1520 | C70: ESO077 | D70: W 920/45 | E70: SP 820 | I70: LF3681 | J70: H10W18 | L70: FORD Maverick II 3.0 V6 | M70: FORD | N70: OIL FILTERS | O70: 3W7E-6714-AA | P70: MATCH | Q70: DS1520 | R70: ESO077
A71: DS1306 ESO034 W940/16 SP1490 ZP592 844F671714AA | B71: DS 1306 | C71: ESO034 | D71: W 940/16 | E71: SP 1490 | F71: ZP 592 | L71: FORD 2.5 D York, M.Craft EFL 256 | M71: FORD | N71: OIL FILTERS | O71: 844F671714AA | P71: MATCH | Q71: DS1306 | R71: ESO034
A72: DS1555 ESO176 W7050 SP1056 ZP3332 BK2Q-6714-BA | B72: DS 1555 | C72: ESO176 | D72: W 7050 | E72: SP 1056 | F72: ZP 3332 | L72: FORD Ttransit, Tourneu Custom 2012 | M72: FORD | N72: OIL FILTERS | O72: BK2Q-6714-BA | P72: MATCH | Q72: DS1555 | R72: ESO176
A73: DS1603 ESO191 W7015 SP1481 ZP3184 H90W27 1250507 | B73: DS 1603 | C73: ESO191 | D73: W 7015 | E73: SP 1481 | F73: ZP 3184 | J73: H90W27 | L73: FORD Focus II,Fiesta V, Focus C-max 2.0 | M73: FORD | N73: OIL FILTERS | O73: 1250 507 | P73: MATCH | Q73: DS1603 | R73: ESO191
A74: DS1603 ESO156 W7015 SP1481 ZP3184 OC478-OC988 LF3335-LF3874 H14W32-H90W30 1250507 | B74: DS 1603 | C74: ESO156 | D74: W 7015 | E74: SP 1481 | F74: ZP 3184 | H74: OC478-OC988 | I74: LF3335-LF3874 | J74: H14W32-H90W30 | L74: FORD Focus II,Fiesta V, Focus C-max 2.0 | M74: FORD | N74: OIL FILTERS | O74: 1250 507 | P74: MATCH | Q74: DS1603 | R74: ESO156
A75: DS1668 ESO216 W7034 ZP3464 GK2Q-6714-AA | B75: DS 1668 | C75: ESO216 | D75: W 7034 | F75: ZP 3464 | L75: FORD Transit 2014,Tourneo Custom 2023 (V710) | M75: FORD | N75: OIL FILTERS | O75: GK2Q-6714-AA | P75: MATCH | Q75: DS1668 | R75: ESO216
A76: DS1672 ESO223 W713/36 SP1602 ZP3136 OC615 H340W 6M34-6731-AA | B76: DS 1672 | C76: ESO223 | D76: W 713/36 | E76: SP 1602 | F76: ZP 3136 | H76: OC615 | J76: H340W | L76: FORD Endeavour, Ranger 2006 2.5, 3.0 TDCi | M76: FORD | N76: OIL FILTERS | O76: 6M34-6731-AA | P76: MATCH | Q76: DS1672 | R76: ESO223
A77: DS1903F ESF148 WK8105 SP4069 ZP8005F 2C11-9176-AA | B77: DS 1903 F | C77: ESF148 | D77: WK 8105 | E77: SP 4069 | F77: ZP 8005F | L77: Transit 2000 2.0DI,2.4DI | M77: FORD | N77: FUEL FILTERS | O77: 2C11-9176-AA | P77: MATCH | Q77: DS1903F | R77: ESF148
A78: DS1907F ESF151 WK8154 SP4569 ZP3804F 6C11-9176-AA | B78: DS 1907 F | C78: ESF151 | D78: WK 8154 | E78: SP 4569 | F78: ZP 3804F | L78: FORD Transit 2.2TDCi,2.4TDCi (07/06-->) | M78: FORD | N78: FUEL FILTERS | O78: 6C11-9176-AA | P78: MATCH | Q78: DS1907F | R78: ESF151
A79: DS1907F ESF153 WK8154 SP4569 ZP3804F 6C11-9176-AA | B79: DS 1907 F | C79: ESF153 | D79: WK 8154 | E79: SP 4569 | F79: ZP 3804F | L79: FORD Transit 2.2TDCi,2.4TDCi (07/06-->) | M79: FORD | N79: FUEL FILTERS | O79: 6C11-9176-AA | P79: MATCH | Q79: DS1907F | R79: ESF153
A80: DS1909F ESF151 WK8103 SP4005 ZP3804F 2C119176BB | B80: DS 1909 F | C80: ESF151 | D80: WK 8103 | E80: SP 4005 | F80: ZP 3804F | L80: FORD Transit 2000 2.4DI Turbodiesel; | M80: FORD | N80: FUEL FILTERS | O80: 2C119176BB | P80: MATCH | Q80: DS1909F | R80: ESF151
A81: DS1909F ESF153 WK8103 SP4005 ZP3804F 2C119176BB | B81: DS 1909 F | C81: ESF153 | D81: WK 8103 | E81: SP 4005 | F81: ZP 3804F | L81: FORD Transit 2000 2.4DI Turbodiesel; | M81: FORD | N81: FUEL FILTERS | O81: 2C119176BB | P81: MATCH | Q81: DS1909F | R81: ESF153
A82: DS1917F ESF151 WK8154 SP4579 ZP3804F 3C119176BB | B82: DS 1917 F | C82: ESF151 | D82: WK 8154 | E82: SP 4579 | F82: ZP 3804F | L82: FORD Transit 2000 2.4TDCi, | M82: FORD | N82: FUEL FILTERS | O82: 3C119176BB | P82: MATCH | Q82: DS1917F | R82: ESF151
A83: DS1917F ESF153 WK8154 SP4579 ZP3804F 3C119176BB | B83: DS 1917 F | C83: ESF153 | D83: WK 8154 | E83: SP 4579 | F83: ZP 3804F | L83: FORD Transit 2000 2.4TDCi, | M83: FORD | N83: FUEL FILTERS | O83: 3C119176BB | P83: MATCH | Q83: DS1917F | R83: ESF153
A84: DS1461F ESF026 WK842 SP436M ZP530F M351A KC17 FF214-FF5156 H70WK 1502255 | B84: DS 1461 F | C84: ESF026 | D84: WK 842 | E84: SP 436 M | F84: ZP 530F | G84: M351A | H84: KC17 | I84: FF214-FF5156 | J84: H70WK | L84: Transit 77 11/77- 10/86,Cargo C 814 | M84: FORD | N84: FUEL FILTERS | O84: 1502 255 | P84: MATCH | Q84: DS1461F | R84: ESF026
A85: DE600FES ECF031 PU12003Z MFE1594MB FORDCC119176BA 1764944 | B85: DE 600 FES | C85: ECF031 | D85: PU 12 003 z | F85: MFE 1594MB | G85: 0 | H85: FORDCC119176BA | L85: FORD TRANSİT 2.2 DTCI (2011) | M85: FORD | N85: FUEL FILTERS | O85: 1764 944 | P85: MATCH | Q85: DE600FES | R85: ECF031
A86: DF4023 EPA065 C24130 HF8100 HP2050 LX615 E598L 3885284 6172024 | B86: DF 4023 | C86: EPA065 | D86: C 24130 | E86: HF 8100 | F86: HP 2050 | H86: LX615 | J86: E598L | K86: 3885284 | L86: Transit 92 2.5D (05/91-09/94) | M86: FORD | N86: AIR FILTERS | O86: 6172 024 | P86: MATCH | Q86: DF4023 | R86: EPA065
A87: DP3098 ERA039 C2582 HF2003 HPU4118 LX516 E791L 81083040084 6143136 | B87: DP 3098 | C87: ERA039 | D87: C 2582 | E87: HF 2003 | F87: HPU 4118 | H87: LX516 | J87: E791L | K87: 81083040084 | L87: Transit 86 , Transit 92 | M87: FORD | N87: AIR FILTERS | O87: 6143 136 | P87: MATCH | Q87: DP3098 | R87: ERA039
A88: DP3099 ERA039 C2582 HF2003 HPU4118 LX516 E791L 81083040084 6143136 | B88: DP 3099 | C88: ERA039 | D88: C 2582 | E88: HF2003 | F88: HPU4118 | H88: LX516 | J88: E791L | K88: 81083040084 | L88: Transit 86 , Transit 92 (with cover) | M88: FORD | N88: AIR FILTERS | O88: 6143 136 | P88: MATCH | Q88: DP3099 | R88: ERA039
A89: DF4043 EPA069 C2667/1 HF8121 HP2140 LX687 E486L 1004509 | B89: DF 4043 | C89: EPA069 | D89: C 2667/1 | E89: HF 8121 | F89: HP 2140 | H89: LX687 | J89: E486L | L89: Fiesta IV (96-02) 1.3 , 1.8D, 1.8Di | M89: FORD | N89: AIR FILTERS | O89: 1004 509 | P89: MATCH | Q89: DF4043 | R89: EPA069
A90: DF4047 EPA068 C27105 HF8197 HP2162 LX1570 E589L 3M519601DA | B90: DF 4047 | C90: EPA068 | D90: C 27105 | E90: HF 8197 | F90: HP 2162 | H90: LX1570 | J90: E589L | L90: Focus 1.6 TDCi (04-->) | M90: FORD | N90: AIR FILTERS | O90: 3M51 9601 DA | P90: MATCH | Q90: DF4047 | R90: EPA068
A91: DF4050 EPA066 C2774/2 HF8075 HP2061 LX7981 E375L 1102766 1058022 | B91: DF 4050 | C91: EPA066 | D91: C 2774/2 | E91: HF 8075 | F91: HP 2061 | H91: LX7981 | J91: E375L | K91: 1102766 | L91: Fiesta IV, Tourneo, Transit 1.8 TDI Focus I, Connect | M91: FORD | N91: AIR FILTERS | O91: 1058 022 | P91: MATCH | Q91: DF4050 | R91: EPA066
A92: DF4052 EPA064 C28100 HF8073 HP2028 LX935 AF25841 E470L 1232095 4041615 | B92: DF 4052 | C92: EPA064 | D92: C 28100 | E92: HF 8073 | F92: HP 2028 | H92: LX935 | I92: AF25841 | J92: E470L | K92: 1232095 | L92: New Transit 2000 (V-184) | M92: FORD | N92: AIR FILTERS | O92: 4041615 | P92: MATCH | Q92: DF4052 | R92: EPA064
A93: DF4052O EPA064 C28100 HF8073 HP2028 LX935 AF25841 E470L 1232095 4041615 | B93: DF 4052 O | C93: EPA064 | D93: C 28100 | E93: HF 8073 | F93: HP 2028 | H93: LX935 | I93: AF25841 | J93: E470L | K93: 1232095 | L93: New Transit 2000 (V-184) - oily | M93: FORD | N93: AIR FILTERS | O93: 4041615 | P93: MATCH | Q93: DF4052O | R93: EPA064
A94: DF4055 EPA067 C28122 HF8189 HP2161 LX1572 E588L 3M519601AA | B94: DF 4055 | C94: EPA067 | D94: C 28122 | E94: HF 8189 | F94: HP 2161 | H94: LX1572 | J94: E588L | L94: Focus 1.4,1.6,1.8,2.0 16V (04-->) | M94: FORD | N94: AIR FILTERS | O94: 3M51 9601 AA | P94: MATCH | Q94: DF4055 | R94: EPA067
A95: DF4082 EPA063 C32120/1 HF8001 HP2001 LX492-LX583 AF25709 E253L 1232496 6610580 | B95: DF 4082 | C95: EPA063 | D95: C 32120/1 | E95: HF 8001 | F95: HP 2001 | H95: LX492-LX583 | I95: AF25709 | J95: E253L | K95: 1232496 | L95: Transit T15 (92VB 9601 HA) | M95: FORD | N95: AIR FILTERS | O95: 6610 580 | P95: MATCH | Q95: DF4082 | R95: EPA063
A96: DA2016E EHA022 C16134/1 HF801 HP2633 LX1780 E1010L 2S1286 7M519601AC | B96: DA 2016 E | C96: EHA022 | D96: C 16134/1 | E96: HF 801 | F96: HP 2633 | H96: LX1780 | J96: E1010L | K96: 2S1286 | L96: Focus C-max I,II, Focus II .6,1.6TDCi,2.0TDCi | M96: FORD | N96: AIR FILTERS | O96: 7M519601AC | P96: MATCH | Q96: DA2016E | R96: EHA022
A97: DF4168Z EPA056 C3087 HF8116 HP2149 LX1282 E481L 2811323001 1147681 | B97: DF 4168 Z | C97: EPA056 | D97: C 3087 | E97: HF 8116 | F97: HP 2149 | H97: LX1282 | J97: E481L | K97: 2811323001 | L97: FORD Fiesta V,VI,Fusion 1.4TDCI | M97: FORD | N97: AIR FILTERS | O97: 1147 681 | P97: MATCH | Q97: DF4168Z | R97: EPA056
A98: DF4240 EPA088 C35009 HF8604 HP2301 E1089L CC119601CB | B98: DF 4240 | C98: EPA088 | D98: C 35009 | E98: HF8604 | F98: HP 2301 | J98: E1089L | L98: Transit 2014,tourneo Custom 2012 | M98: FORD | N98: AIR FILTERS | O98: CC119601CB | P98: MATCH | Q98: DF4240 | R98: EPA088
A99: DS1280 ESO181 W920/11 SP835 ZP566A 15400-P5T-G00 | B99: DS 1280 | C99: ESO181 | D99: W 920/11 | E99: SP 835 | F99: ZP 566A | L99: HONDA Accord IV 2.0TDI (96-98) | M99: HONDA | N99: OIL FILTERS | O99: 15400-P5T-G00 | P99: MATCH | Q99: DS1280 | R99: ESO181
A100: DE653E ECO074 HU712/9X ASTE2551 MLE1526 15430-RSR-E01 | B100: DE 653 E | C100: ECO074 | D100: HU 712/9 X | E100: ASTE2551 | F100: MLE 1526 | L100: Accord IX,CR-V III, IV, Civic VIII, IX 2.2 i-DTEC | M100: HONDA | N100: OIL FILTERS | O100: 15430-RSR-E01 | P100: MATCH | Q100: DE653E | R100: ECO074
...

Sheet DELSA x EKSPER
A1: DELSA | B1: EKSPER | C1: MANN | D1: ASAS | E1: FIL | F1: MISFAT | G1: MAHLE | H1: FLEETGUARD | I1: HENGST | J1: AUTRES | K1: APPLICATION | L1: MARQUE/VEHICULE | M1: TYPE FILTRE | N1: OEM
A2: DA 2003 J | B2: EHA191 | D2: HF 602 | E2: H 871 | H2: AF4100 | K2: VOLVO Penta TD100GG,TWD1211G | L2: VOLVO(Penta,Lorry,Bus) | M2: AIR FILTERS | N2: 823701
A3: DA 2004 J | B3: EHA191 | D3: HF 602 | E3: H 871 | H3: AF4100 | K3: VOLVO Penta TD100GG,TWD1211G (interchangeable set) | L3: VOLVO(Penta,Lorry,Bus) | M3: AIR FILTERS | N3: 823701
A4: DA 2006 J | B4: EHA208 | D4: HF 622 | E4: H 885 | H4: AF25312 | K4: VOLVO Penta TAD1613,1630G,1631G | L4: VOLVO(Penta,Lorry,Bus) | M4: AIR FILTERS | N4: 865152
A5: DA 2009 J | B5: EHA086 | C5: C17127 | E5: H 801 | H5: AH1189 | K5: Thermo-King SB, SMX, SL ;11-5978 (perforated) | L5: OTHER AGRICULTURE AND HEAVY DUTY MACHINES | M5: AIR FILTERS | N5: 11-7400
A6: DA 2010 J | B6: EHA086 | C6: C17127 | E6: H 801 | H6: AH1189 | K6: Thermo-King SB, SMX, SL ;11-5978 (unperforated ) | L6: OTHER AGRICULTURE AND HEAVY DUTY MACHINES | M6: AIR FILTERS | N6: 11-7400
A7: DA 2011 E | B7: EHA101 | C7: C 1140 | D7: HF3204 | E7: HP 2590 | K7: Travego, Tourismo, Setra S400 | L7: MERCEDES COMMERCIAL | M7: AIR FILTERS | N7: 000 989 13 11
A8: DA 2013 E | B8: EHA005 | C8: C 14130 | D8: HF 830 | E8: HP 2606 | G8: LX1566 | I8: E482L | J8: Volvo3979928 | K8: Caddy III SDI,Golf V 1.616V,Jetta II(05=>),Y.Passat 1.6 | L8: VOLKSWAGEN(AUDI,SEAT,SKODA) | M8: AIR FILTERS | N8: 1F0 129 620
A9: DA 2014 E | B9: EHA017 | C9: C 15200 | D9: HF 531 | E9: HP 4592 | G9: LX388 | H9: AF25069 | I9: E295L | J9: MD620563 | K9: T.porter 207-210,307-310,407-410 (71-96)- (Housing) | L9: MERCEDES | M9: AIR FILTERS | N9: 003 094 51 04
A10: DA 2015 E | B10: EHA001 | C10: C 411776 | D10: HF 854 | E10: HP 2627 | G10: LX8141 | H10: AF26165 | I10: E497L | J10: 1F0129620 | K10: Axor I,II serie(04-->) | L10: MERCEDES COMMERCIAL | M10: AIR FILTERS | N10: 004 094 24 04
A11: DA 2016 E | B11: EHA022 | C11: C 16134/1 | D11: HF 801 | E11: HP 2633 | G11: LX1780 | I11: E1010L | J11: 2S1286 | K11: Focus C-max I,II, Focus II .6,1.6TDCi,2.0TDCi | L11: FORD | M11: AIR FILTERS | N11: 7M519601AC
A12: DA 2017 E | B12: EHA159 | C12: C1233 | D12: HF 2834 | J12: FILMAR AF4683 | K12: HATZ Compressor | L12: OTHER AGRICULTURE AND HEAVY DUTY MACHINES | M12: AIR FILTERS | N12: 50426000
A13: DA 2018 E | B13: EHA205 | D13: HF 525 | E13: HP 2503 | H13: AF25438 | K13: MITSUBISHI Canter | L13: MITSUBISHI | M13: AIR FILTERS | N13: ME 017242
A14: DA 2041 K | B14: EHA094 | D14: HF 342 | H14: AF4887KM | K14: M.FERGUSON 255 T. Outer | L14: MASSEY FERGUSON | M14: AIR FILTERS | N14: SMP 77 1579
A15: DA 2042 N | B15: EHA095 | C15: CF751 | D15: HF 343 | E15: HP4616 | H15: AF1966-AF4744 | K15: M.FERGUSON 255 T. Inner | L15: MASSEY FERGUSON | M15: AIR FILTERS | N15: SMP 77 0181
A16: DA 2046 | B16: EHA164 | C16: C 17134 | D16: HF 271 | E16: HP719 | G16: LX196 | H16: AF4137 | I16: E277L | K16: DEUTZ D06,D07D07C,DX3,DX4 Serie (OUTER) | L16: OTHER AGRICULTURE AND HEAVY DUTY MACHINES | M16: AIR FILTERS | N16: 221 1565
A17: DA 2057 | B17: EHA057 | C17: C 25860 | D17: HF 5803 | E17: HP 2691 | G17: LX655 | H17: AF25237 | I17: E251L | K17: DAF 65.180,75.240,85.300 series | L17: DAF | M17: AIR FILTERS | N17: 131453-1
A18: DA 2057 | B18: EHA126 | C18: C 25860 | D18: HF 5803 | E18: HP 2691 | K18: DAF 65.180,75.240,85.300 series | L18: DAF | M18: AIR FILTERS | N18: 131453-1
A19: DA 2065 | B19: EHA129 | C19: C 24393 | D19: HF 516 | E19: HP 732A | G19: LX562 | H19: AF4972 | I19: E219L | K19: IVECO EuroCargo | L19: IVECO | M19: AIR FILTERS | N19: 190 5983
A20: DA 2072 K | B20: EHA089 | C20: C 934 | D20: HF 361 | E20: HP 937K | G20: LX13 | H20: AF1658K | I20: E750L | K20: KUBOTA B1000,4000,5000,6000,7000,8000 | L20: OTHER AGRICULTURE AND HEAVY DUTY MACHINES | M20: AIR FILTERS | N20: 15222 11220
A21: DA 2074 | B21: EHA197 | C21: C 18267 | D21: HF 532 | E21: HP 4537A | H21: AF4856M | K21: M.FERRGUSON 3050-60-65-70-75-80 (Square Cap) | L21: MASSEY FERGUSON | M21: AIR FILTERS | N21: 1 062 501 M91
A22: DA 2075 N | B22: EHA036 | C22: CF 922 | D22: HF 232 | E22: HP 656 | G22: LXS214 | H22: AF4103 | I22: E567LS | J22: 10044213 | K22: M.FERRGUSON 3050-60-65-70-75-80 inner | L22: MASSEY FERGUSON | M22: AIR FILTERS | N22: 1 093 683 M
A23: DA 2076 K | B23: EHA219 | C23: C 16150; C 16223 | D23: HF 515 | E23: HP4685K | H23: AF25324K | K23: M.FERGUSON 375,390,398,399 outer | L23: MASSEY FERGUSON | M23: AIR FILTERS | N23: 3 515 586 M 1
A24: DA 2077 N | B24: EHA141 | C24: CF 961 | D24: HF 485 | E24: HP 656B | K24: M.FERGUSON 375,390,398,399 inner | L24: MASSEY FERGUSON | M24: AIR FILTERS | N24: 3 515 587 M 1
A25: DA 2078 | B25: EHA056 | C25: C 30703 | D25: HF 387 | E25: HP 916A | G25: LX531 | H25: AF25045M-AF25066-AF4630 | I25: E218L | K25: SCANIA Century 13.37(02-->) L113,L94, S113AL (Outer) | L25: SCANIA | M25: AIR FILTERS | N25: 395 773
A26: DA 2092 K | B26: EHA177 | C26: C 21 012 | D26: HF 368 | E26: HP368? | H26: AF25348K | K26: FIAT-AGRI 55-90,580,60-90,680,780 Outer | L26: OTHER AGRICULTURE AND HEAVY DUTY MACHINES | M26: AIR FILTERS | N26: 1903824
A27: DA 2100 | B27: EHA016 | C27: C 331015 | D27: HF 388 | E27: HP 427 | G27: LX441 | H27: AF4842 | I27: E273L | K27: SK serie, 1838,2031,2038 | L27: MERCEDES COMMERCIAL | M27: AIR FILTERS | N27: 003 094 42 04
A28: DA 2102 | B28: EHA103 | C28: C 33920/5 | D28: HF 486 | E28: HP970 | K28: IVECO Trakker 270,310,330,350 (04-->) | L28: IVECO | M28: AIR FILTERS | N28: 299 1793
A29: DA 2103 K | B29: EHA232 | C29: C 14123 | D29: HF 475 | H29: AF25540K | K29: JCB 2CX,2CXL 4x4 (92-->) (Ourter) | L29: J.C.B. | M29: AIR FILTERS | N29: 32/905001
A30: DA 2106 | B30: EHA197 | C30: C 18 267 | D30: HF 532 | E30: HP 4537A | H30: AF4856M | K30: M.FERRGUSON 3050,3060,3065,3070 3075,3080 | L30: MASSEY FERGUSON | M30: AIR FILTERS | N30: 1 062 501 M91
A31: DA 2109 | B31: EHA207 | D31: HF 692 | I31: E742L | K31: VOLVO FL6-serie | L31: VOLVO(Penta,Lorry,Bus) | M31: AIR FILTERS | N31: 3120490
A32: DA 2115 | B32: EHA130 | C32: C 24508 | D32: HF 446 | E32: HP 4014 | G32: LX345 | H32: AF4968 | I32: E214L | K32: IVECO EuroCargo Outer | L32: IVECO | M32: AIR FILTERS | N32: 190 7553
A33: DA 2117 | B33: EHA240 | C33: C 28950 | D33: HF 327 | E33: HP 4017 | H33: AF975M | I33: E739L | K33: CAT 330(6WT1) (90-96) Outer | L33: CATERPILLAR | M33: AIR FILTERS | N33: 7Y 1323
A34: DA 2118 | B34: EHA195 | C34: CF 16219 | D34: HF 328 | E34: HP 4018 | H34: AF976 | K34: CAT 330(6WT1) (90-96) Inner | L34: CATERPILLAR | M34: AIR FILTERS | N34: 7Y 1322
A35: DA 2120 | B35: EHA131 | C35: C22558 | D35: HF 338 | E35: HP 4076 | H35: AF4838 | K35: KOMATSU GD,PC(Exc) serie Outer | L35: KOMATSU | M35: AIR FILTERS | N35: 600 181 6740
A36: DA 2121 | B36: EHA132 | C36: C13111 | D36: HF 354 | E36: HP 4077 | H36: AF4896 | K36: KOMATSU GD,PC(Exc) serie Inner | L36: KOMATSU | M36: AIR FILTERS | N36: 600 181 6730
A37: DA 2126 | B37: EHA033 | C37: C 19457 | D37: HF 296 | E37: HP 4085 | H37: AF4567 | I37: E745L | J37: 894334906 | K37: KOMATSU PC 100-6,120-6,130-6 | L37: KOMATSU | M37: AIR FILTERS | N37: 600 181 6540
A38: DA 2128 N | B38: EHA100 | D38: HF 539 | E38: HP 4092 | H38: AF4654 | K38: M.FERGUSON 255 Turbo Outer | L38: MASSEY FERGUSON | M38: AIR FILTERS | N38: 3310358M1
A39: DA 2129 | B39: EHA037 | C39: C 1699 | D39: HF 441 | E39: HP 4100 | G39: LX1077 | H39: AF25372 | J39: 1930765 | K39: ISUZU Rodeo 2.5L,2.8L Turbo (90-00) | L39: ISUZU | M39: AIR FILTERS | N39: 894334906
A40: DA 2148 | B40: EHA218 | C40: C31009X | E40: HP 4520 | H40: AF4801 | K40: J.DEERE 330LC,370,8760,8770,9600 Outer | L40: JOHN DEERE | M40: AIR FILTERS | N40: AR 95758
A41: DA 2150 | B41: EHA133 | D41: HF 611 | E41: HP 4523 | H41: AF26439 | K41: DAEWOO S450-3 Exc. Outer | L41: OTHER AGRICULTURE AND HEAVY DUTY MACHINES | M41: AIR FILTERS | N41: 24749051
A42: DA 2151 | B42: EHA134 | D42: HF 612 | E42: HP 4524 | H42: AF27869 | K42: DAEWOO S450-3 Exc. Inner | L42: OTHER AGRICULTURE AND HEAVY DUTY MACHINES | M42: AIR FILTERS | N42: 24749057
A43: DA 2156 K | B43: EHA177 | C43: C21012 | D43: HF 368 | E43: HP 4532K | H43: AF25348K | K43: JOHN DEERE 5400,5300N,5500 Outer | L43: JOHN DEERE | M43: AIR FILTERS | N43: RE 45827
A44: DA 2156 K | B44: EHA167 | D44: HF 368 | E44: HP 4532K | H44: AF4164K | K44: JOHN DEERE 5400,5300N,5500 Outer | L44: JOHN DEERE | M44: AIR FILTERS | N44: RE 45827
A45: DA 2157 N | B45: EHA154 | D45: HF 369 | E45: HP 4533 | H45: AF4165 | K45: JOHN DEERE 5400,5300N,5500 Inner | L45: JOHN DEERE | M45: AIR FILTERS | N45: RE 45828
A46: DA 2161 | B46: EHA206 | C46: New Holland 1930138 | E46: HP 4537 | K46: NEW HOLLAND | L46: NEW HOLLAND | M46: AIR FILTERS | N46: 1930138
A47: DA 2163 | B47: EHA231 | C47: C 22 025 | D47: HF697 | E47: HP 4539 | G47: LX3615 | H47: AF25342 | K47: NEW HOLLAND 7635,6635,TL90,TL100; outer | L47: NEW HOLLAND | M47: AIR FILTERS | N47: 1930605
A48: DA 2165 EN | B48: EHA068 | C48: CF 600 | D48: HF 1724 | E48: HP 4540 | H48: AF4521 | I48: E112LS | K48: CASE 323,353,423,433,523 Inner | L48: CASE/IHC | M48: AIR FILTERS | N48: 314880R1
A49: DA 2170 | B49: EHA223 | C49: C20220 | D49: HF 437 | E49: HP 4548 | G49: LX3618 | H49: AF25302 | I49: E788L | K49: NEW HOLLAND 5640 SL, 7740 SL, 6640 SLE Outer | L49: NEW HOLLAND | M49: AIR FILTERS | N49: 82008600
A50: DA 2171 N | B50: EHA224 | D50: HF 438 | E50: HP 4549 | H50: AF25303 | I50: E788LS | K50: NEW HOLLAND 5640SL,7740SL,6640SLE Inner | L50: NEW HOLLAND | M50: AIR FILTERS | N50: 82008601
A51: DA 2173 | B51: EHA012 | C51: C 421404 | D51: HF 580 | E51: HP 4551 | G51: LX507 | H51: AF25428 | I51: E297L | J51: 30944204 | K51: Actros I, 1850,2035,2040 (96-03) | L51: MERCEDES COMMERCIAL | M51: AIR FILTERS | N51: 003 094 92 04
A52: DA 2174 | B52: EHA144 | C52: C 11168 | D52: HF 1598 | E52: HP 4552 | H52: AF25477 | K52: CATERPILLAR DP30,DP25,DP20,DP35 | L52: CATERPILLAR | M52: AIR FILTERS | N52: 1085330
A53: DA 2180 K | B53: EHA148 | C53: C 16334 | D53: HF 415 | E53: HP 4564K | H53: AF4564KM | K53: JOHN DEERE 2000,3000 serie outer | L53: JOHN DEERE | M53: AIR FILTERS | N53: AL 30394
A54: DA 2190 N | B54: EHA210 | D54: HF 468 | E54: HP 4584 | H54: AF4882 | K54: JCB 4x4 Inner | L54: J.C.B. | M54: AIR FILTERS | N54: 32/903202
A55: DA 2191 | B55: EHA081 | C55: C 331465 | D55: HF 686 | E55: HP 4585 | H55: AF26204 | I55: E433L | K55: IVECO EuroTrakker 190E,340E,380E (93-04) Outer | L55: IVECO | M55: AIR FILTERS | N55: 299 6155
A56: DA 2192 N | B56: EHA082 | C56: CF 2100/1 | D56: HF 687 | E56: HP 4586 | H56: AF26245 | I56: E433LS | K56: IVECO EuroTrakker 190E,340E,380E (93-04) Inner | L56: IVECO | M56: AIR FILTERS | N56: 299 6157
A57: DA 2196 K | B57: EHA018 | D57: HF699 | E57: HP 4604K | H57: AF26285K | J57: 7M5119601AC-LX1780 | K57: HYUNDAI R200W-3 Outer | L57: OTHER AGRICULTURE AND HEAVY DUTY MACHINES | M57: AIR FILTERS | N57: 11 EM 21041
A58: DA 2197 | B58: EHA019 | D58: HF700 | E58: HP 4605 | H58: AF26286 | J58: 70659533 | K58: HYUNDAI R200W-3 Inner | L58: OTHER AGRICULTURE AND HEAVY DUTY MACHINES | M58: AIR FILTERS | N58: 11 EM 21051
A59: DA 2198 N | B59: EHA009 | C59: CF1510/1 | D59: HF 678 | E59: HP 4611 | H59: AF26162 | I59: E496LS | J59: Mercedes0030949104 | K59: VOLVO FM7-230,250,260,FM12-340(98-02) Inner | L59: VOLVO(Penta,Lorry,Bus) | M59: AIR FILTERS | N59: 3979928
A60: DA 2199 | B60: EHA029 | C60: C 20325/2 | D60: HF 110 | E60: HP 691 | G60: LX265 | H60: AF25064 | I60: E115L | J60: 964175 | K60: IVECO M, MK-serie Outer | L60: IVECO | M60: AIR FILTERS | N60: 190 2077
A61: DA 2200 N | B61: EHA113 | C61: CF 1000 | D61: HF 285 | E61: HP 400 | H61: AF1840 | I61: E115LS | K61: IVECO M, MK-serie Inner | L61: IVECO | M61: AIR FILTERS | N61: 190 2131
A62: DA 2201 K | B62: EHA145 | C62: C 24516 | D62: HF 221 | E62: HP 402K | I62: E721L | K62: IVECO 100NC,110NC,90NC serie | L62: IVECO | M62: AIR FILTERS | N62: 991 7419
A63: DA 2202 K | B63: EHA051 | C63: C 21317 | D63: HF 158 | E63: HP 405K | G63: LX20 | H63: AF350K-AF350KM | I63: E716L | K63: JOHN DEERE 5020,948,950,970 | L63: JOHN DEERE | M63: AIR FILTERS | N63: AR 36 044
A64: DA 2203 | B64: EHA147 | C64: C 36840/1 | D64: HF 167 | E64: HP 406 | G64: AF288M OBSOLETE | H64: AF288M-AF362M | I64: AF362M YENİ NUMARA | K64: EUCLID R-15,17,18,45,50 | L64: OTHER AGRICULTURE AND HEAVY DUTY MACHINES | M64: AIR FILTERS | N64: 730 522
A65: DA 2204 | B65: EHA157 | C65: C 24444/1 | D65: HF 119 | E65: HP 411 | G65: LX116 | H65: AF344M | I65: E584L | K65: Caterpillar D4,D6,950,951(Inner Set) | L65: CATERPILLAR | M65: AIR FILTERS | N65: 4M 8047
A66: DA 2205 | B66: EHA158 | C66: C 1371 | D66: HF 120 | E66: HP 412 | H66: AF343-AF4512 | I66: E584LS | K66: Caterpillar D4,D6,950,951(Inner Set),Bolted | L66: CATERPILLAR | M66: AIR FILTERS | N66: 4M 8048
A67: DA 2207 | B67: EHA025 | C67: C 28695 | D67: HF 117 | E67: HP 417 | H67: AF335M | I67: E569L | J67: 265045 | K67: Fatih Kamyon 145.22 (Outer) | L67: BMC | M67: AIR FILTERS | N67: K8E6070
A68: DA 2208 | B68: EHA026 | C68: C 16140 | D68: HF 118 | E68: HP 419 | H68: AF338 | I68: E569LS | J68: 691280 | K68: BMC Fatih Cummins (Bolted) Inner Set | L68: BMC | M68: AIR FILTERS | N68: K8E6061-2S-1286
A69: DA 2210 | B69: EHA123 | C69: C 24430 | D69: HF 315 | E69: HP 421 | H69: AF1768M | I69: E737L | K69: CAT 300 Exc. (Outer) | L69: CATERPILLAR | M69: AIR FILTERS | N69: 7Y 0404
A70: DA 2211 | B70: EHA122 | C70: CF15121 | D70: HF 366 | E70: HP 422 | H70: AF1767 | I70: E737LS | K70: CAT 300 Exc. (Inner) | L70: CATERPILLAR | M70: AIR FILTERS | N70: 7Y 0403
A71: DA 2215 | B71: EHA044 | C71: C 351597 | D71: HF 471 | E71: HP 428 | G71: LX2814 | H71: AF4560 | I71: E580L | K71: VOLVO N10,N12, NL10/12 serie (89-->) Outer | L71: VOLVO(Penta,Lorry,Bus) | M71: AIR FILTERS | N71: 1544449
A72: DA 2216 | B72: EHA045 | C72: C 20118 | D72: HF 472 | E72: HP 429 | G72: LXS7233 | H72: AF4746 | K72: VOLVO N10,N12, NL10/12 serie (89-->) Inner | L72: VOLVO(Penta,Lorry,Bus) | M72: AIR FILTERS | N72: 166 0903
A73: DA 2219 | B73: EHA162 | C73: C 1112 | D73: HF 242 | E73: HP 432 | H73: AF4525 | K73: Linde Forklift H10,20,30,40,50,60,70 serie | L73: OTHER AGRICULTURE AND HEAVY DUTY MACHINES | M73: FORKLIFT FILTERS | N73: 000 983 9010
A74: DA 2223 | B74: EHA106 | C74: C 12114 | D74: HF 102 | E74: HP 437 | G74: LX15 | H74: AF492 | K74: M.FERGUSON Traktör 133S,155,MF25 (OUTER) | L74: MASSEY FERGUSON | M74: AIR FILTERS | N74: 1 026 131 M91
A75: DA 2227 | B75: EHA032 | C75: C 33835 | D75: HF 143 | E75: HP 443 | G75: LX280 | H75: AF801 | J75: 32202601 | K75: Caterpillar D8L (Outer) | L75: CATERPILLAR | M75: AIR FILTERS | N75: 4S 8337
A76: DA 2229 K | B76: EHA111 | C76: C 1188 | D76: HF 159 | E76: HP 446K | G76: LX1457 | H76: AF435K-AF435KM | I76: E565L | K76: HYSTER Forklift H,S serie Outer | L76: OTHER AGRICULTURE AND HEAVY DUTY MACHINES | M76: FORKLIFT FILTERS | N76: 125846
A77: DA 2232 | B77: EHA127 | C77: C 311227 | D77: HF 182 | E77: HP 455 | K77: IVECO Turbostar (84-93) | L77: IVECO | M77: AIR FILTERS | N77: 190 1780
A78: DA 2233 | B78: EHA128 | D78: HF 183 | E78: HP 456 | H78: AF821M | K78: NEW HOLLAND 9184,9384,9484 versatile | L78: NEW HOLLAND | M78: AIR FILTERS | N78: V30927
A79: DA 2234 | B79: EHA125 | C79: C 21338 | E79: HP 457 | K79: LN2/LK(673.001-679.259) (84-98) | L79: MERCEDES COMMERCIAL | M79: AIR FILTERS | N79: 001 094 65 04
A80: DA 2235 | B80: EHA015 | C80: C 23440 | D80: HF 104 | E80: HP 458A | G80: LX229 | H80: AF971 | I80: E279L | J80: 11EM21051 | K80: DODGE Lorry AS600,AS800,AS900 | L80: OTHER LORRY AND BUSES | M80: CABIN FILTERS | N80: 235 1325
A81: DA 2236 | B81: EHA015 | C81: C 23 440 | D81: HF534 | E81: HP 458C | G81: LX229 | H81: AF971 | I81: E279L | J81: 11EM21051 | K81: Dodge Ford | L81: OTHER LORRY AND BUSES | M81: CABIN FILTERS | N81: 5011 324
A82: DA 2237 K | B82: EHA021 | C82: C 16148 | D82: HF 482 | E82: HP 461AK | G82: LX673 | H82: AF25500K | J82: 4M9334 | K82: MITSUBISHI Pajero 2.5 TD | L82: MITSUBISHI | M82: AIR FILTERS | N82: MD 620563
A83: DA 2240 K | B83: EHA040 | C83: C 16190 | D83: HF 101 | E83: HP 461K | G83: LX17 | H83: AF409K | I83: E568L | K83: JOHN DEERE 2000,400,500,600,700 (outer) | L83: JOHN DEERE | M83: AIR FILTERS | N83: AR 46 481
A84: DA 2241 | B84: EHA002 | C84: C 30850/2 | D84: HF 225 | E84: HP 905 | G84: LX436 | H84: AF4713-AF1802 | I84: E118L02 | K84: M.A.N. 26.230, 26.270, 19.422 (Outer) | L84: M.A.N. | M84: AIR FILTERS | N84: 81.08304-0038
A85: DA 2242 N | B85: EHA003 | C85: CF 1600 | D85: HF 347 | E85: HP 462 | G85: LXS441 | H85: AF4523 | I85: E118LS | K85: M.A.N. 26.230, 26.270, 19.422 (Inner) | L85: M.A.N. | M85: AIR FILTERS | N85: 81.08405-0011
A86: DA 2243 | B86: EHA085 | C86: C 311226 | D86: HF 174 | E86: HP 463 | K86: KOMATSU D-355A-1 dozer (Outer) | L86: KOMATSU | M86: AIR FILTERS | N86: 612-781-7311
A87: DA 2244 | B87: EHA090 | C87: C 19157 | D87: HF 175 | E87: HP 464 | H87: AF1791-AF471-AF471M | K87: KOMATSU D-355A-1 dozer (Inner) | L87: KOMATSU | M87: AIR FILTERS | N87: 612-781-7411
A88: DA 2244 | B88: EHA085 | C88: C 19157 | D88: HF 175 | E88: HP 464 | K88: KOMATSU D-355A-1 dozer (Inner) | L88: KOMATSU | M88: AIR FILTERS | N88: 612-781-7411
A89: DA 2244 | B89: EHA050 | C89: C 19157 | D89: HF 175 | E89: HP 464 | G89: LXS217 | H89: AF4867 | I89: E761LS | K89: KOMATSU D-355A-1 dozer (Inner) | L89: KOMATSU | M89: AIR FILTERS | N89: 612-781-7411
A90: DA 2245 | B90: EHA062 | C90: C 311256 | D90: HF 402 | G90: LX766 | H90: AF4841 | I90: E655L | K90: RENAULT Tır Maxter G260,G270 (92-96) (Outer) | L90: RENAULT COMMERCIAL | M90: AIR FILTERS | N90: 50 10 064 371
A91: DA 2246 | B91: EHA059 | C91: C 311226/1 | D91: HF 574 | E91: HP 463B | G91: LX768 | H91: AF4582 | I91: E564L | K91: RENAULT Magnum AE380,420,,Major R340ti,350 | L91: RENAULT COMMERCIAL | M91: AIR FILTERS | N91: 50 01 834 600
A92: DA 2247 | B92: EHA103 | C92: C 33920/3 | D92: HF 486 | E92: HP 970A | K92: M.A.N. F7,F8,F9 serie (67-93) Outer | L92: M.A.N. | M92: AIR FILTERS | N92: 81.08304-0061
A93: DA 2247 | B93: EHA058 | C93: C 33920/3 | D93: HF 486 | E93: HP 970A | G93: LX626 | H93: AF25235 | I93: E270L | K93: M.A.N. F7,F8,F9 serie (67-93) Outer | L93: M.A.N. | M93: AIR FILTERS | N93: 81.08304-0061
A94: DA 2248 N | B94: EHA139 | C94: CF 2100 | D94: HF 487 | E94: HP 465 | K94: M.AN. F7,F8,F9 serie (67-93) Inner | L94: M.A.N. | M94: AIR FILTERS | N94: 81.08304-0066
A95: DA 2249 | B95: EHA038 | C95: C 20326 | D95: HF 465 | E95: HP 466 | H95: AF4733 | J95: 9Y6800 | K95: ISUZU NPR 66, NKR wide, MD 27, MD 23 | L95: ISUZU | M95: AIR FILTERS | N95: 8941560520
A96: DA 2251 N | B96: EHA210 | D96: HF 468 | E96: HP 4584 | H96: AF4882 | K96: JCB 4x4 Inner | L96: J.C.B. | M96: AIR FILTERS | N96: 32/903202
A97: DA 2254 K | B97: EHA020 | C97: C 14179 | D97: HF 155 | E97: HP 470K | G97: LX16 | H97: AF437K | I97: E563L | J97: 743F9601AA | K97: HYUNDAI H100 | L97: HYUNDAI | M97: AIR FILTERS | N97: 28130 44000
A98: DA 2255 | B98: EHA023 | C98: C 29939 | D98: HF 131 | E98: HP 471 | G98: LX29 | H98: AF424M | I98: E129L | J98: 1544284 | K98: KOMATSU PC,GD serie | L98: KOMATSU | M98: AIR FILTERS | N98: 600-181-4311
A99: DA 2256 | B99: EHA170 | C99: C 17149 | D99: HF 132 | E99: HP 473 | H99: AF820M | K99: Ford Cargo Intercoler | L99: FORD COMMERCIAL | M99: AIR FILTERS | N99: 276767
A100: DA 2257 | B100: EHA023 | C100: C 29939 | D100: HF 131 | E100: HP 471 | G100: LX29 | H100: AF424M | I100: E129L | J100: 1544284 | K100: Ford Cargo Intercoler | L100: FORD COMMERCIAL | M100: AIR FILTERS | N100: 5011 337
...

Sheet DELSA SANS EKSPER
A1: DELSA | B1: MANN | C1: ASAS | D1: FIL | E1: MISFAT | F1: APPLICATION | G1: MARQUE/VEHICULE | H1: TYPE FILTRE | I1: OEM
A2: DA 2001 J | C2: HF 1602 | D2: H 869 | F2: VOLVO Penta TMD100C,TAMD30A,60A,60C | G2: VOLVO(Penta,Lorry,Bus) | H2: AIR FILTERS | I2: 842280
A3: DA 2005 | B3: C 18575 | C3: HF 290 | D3: HP 796 | F3: VOLVO Jenaratör Inner Element | G3: VOLVO(Penta,Lorry,Bus) | H3: AIR FILTERS | I3: 823701
A4: DA 2012 E | B4: C 1250 | D4: HP 2635 | F4: FIAC Compressor | G4: OTHER AGRICULTURE AND HEAVY DUTY MACHINES | H4: AIR FILTERS | I4: 7211450010
A5: DA 2019 E | D5: HP 2508 | F5: MAZDA B2500 single-double cabin pick-up | G5: MAZDA | H5: AIR FILTERS | I5: WL 3113Z40
A6: DA 2020 E | C6: HF 625 | D6: HP 2509 | F6: MITSUBISHI CANTER (INTERCOOL) | G6: MITSUBISHI | H6: AIR FILTERS | I6: ME 017246
A7: DA 2021 E | C7: HF 1420 | F7: TOYOTA Double Cabin (Plastic Capped) | G7: TOYOTA | H7: AIR FILTERS | I7: 17801-54180
A8: DA 2024 D | C8: HF 259 | D8: H 846 | F8: CATERPILLAR 3408,3412,3406 | G8: CATERPILLAR | H8: AIR FILTERS | I8: 4N 0015
A9: DA 2027 D | F9: CAT 120HES,12HNA,16HNA,163H,140H | G9: CATERPILLAR | H9: AIR FILTERS | I9: 9X 4986
A10: DA 2029 EU | B10: C 12133 | D10: HP 2619 | F10: MERCEDES E270 E280 E320 CDi 02--> | G10: MERCEDES | H10: AIR FILTERS | I10: 646 094 00 04
A11: DA 2030 EU | B11: C 12178/1 | D11: HP 2634 | F11: E200 CDI(02-->),S320 CDI(02-05) | G11: MERCEDES | H11: AIR FILTERS | I11: 611 094 02 04
A12: DA 2031 OV | B12: C 1891 | C12: HF 469 | D12: HP 4556 | F12: HYUNDAI H1 Starex 2.4i,Sonata I,II,II 2.0i | G12: HYUNDAI | H12: AIR FILTERS | I12: 28113-32510
A13: DA 2032 KU | B13: C 14 010 | D13: HP 4544K | F13: SAME Tractor Explorer serie (Outer) | G13: OTHER AGRICULTURE AND HEAVY DUTY MACHINES | H13: AIR FILTERS | I13: 242493401
A14: DA 2033 UN | B14: CF 903 | D14: HP 4545 | F14: SAME Tractor Explorer serie (Inner) | G14: OTHER AGRICULTURE AND HEAVY DUTY MACHINES | H14: AIR FILTERS | I14: 242493402
A15: DA 2034 U | B15: C 22 835 | D15: HP 413 | F15: CAT | G15: CATERPILLAR | H15: AIR FILTERS | I15: 7W 7426
A16: DA 2036 U | F16: FORD Cargo 1011,1013,1015,1111(82-96) | G16: FORD COMMERCIAL | H16: AIR FILTERS | I16: 81DB 9601 JB
A17: DA 2038 | C17: HF 417 | D17: HP 461D | F17: MAZDA Titan 3.0,3.5 (83-89) | G17: MAZDA | H17: AIR FILTERS | I17: S 508 23 603
A18: DA 2039 | F18: Minsk Motorcycle | G18: OTHER AUTOMOBILES | H18: CABIN FILTERS
A19: DA 2040 | F19: Jawa, 250 Motorcycle | G19: OTHER AUTOMOBILES | H19: CABIN FILTERS
A20: DA 2043 | F20: KOMATSU Underride Ventilation | G20: KOMATSU | H20: AIR FILTERS
A21: DA 2044 | F21: Liaz tır-627961112411 | G21: OTHER LORRY AND BUSES | H21: CABIN FILTERS | I21: 627961112411
A22: DA 2047 N | B22: CF 711 | C22: HF 671 | F22: DEUTZ D06,D07D07C,DX3,DX4 Serie (INNER) | G22: OTHER AGRICULTURE AND HEAVY DUTY MACHINES | H22: AIR FILTERS | I22: 237 9161
A23: DA 2050 K | C23: HF 595 | F23: SAME 70-80-90 Outer Filter | G23: OTHER AGRICULTURE AND HEAVY DUTY MACHINES | H23: AIR FILTERS | I23: 2.4249.110.1
A24: DA 2051 N | C24: HF 596 | F24: SAME 70-80-90 Inner Filter | G24: OTHER AGRICULTURE AND HEAVY DUTY MACHINES | H24: AIR FILTERS | I24: 2.4249.120.1
A25: DA 2052 | C25: HF 569 | F25: HYUNDAI Galloper 3.0 V6 | G25: HYUNDAI | H25: AIR FILTERS | I25: MD 620610
A26: DA 2054 K | F26: IVECO Lorry (Outer) | G26: IVECO | H26: AIR FILTERS | I26: AZA 344V06J20
A27: DA 2055 | F27: IVECO Lorry (Inner) | G27: IVECO | H27: AIR FILTERS | I27: AZA 345V06J16
A28: DA 2056 | B28: C 13122, C 14130 | C28: HF 451 | D28: HP 470C | F28: HYUNDAI H100 2.5D Panelvan (94-00) | G28: HYUNDAI | H28: AIR FILTERS | I28: 28130-44000
A29: DA 2058 | B29: C 1176 | F29: VOLVO S-serie 840 | G29: VOLVO(Penta,Lorry,Bus) | H29: AIR FILTERS | I29: 735 4867
A30: DA 2059 N | F30: JOHN DEERE 2000,400,500,600,700 (inner) | G30: JOHN DEERE | H30: AIR FILTERS
A31: DA 2061 N | B31: CF 950 | C31: HF 540 | F31: JCB 4x4 Inner | G31: J.C.B. | H31: AIR FILTERS | I31: 32/903202
A32: DA 2062 | B32: CU 1836 | C32: HF 401 | F32: Unimog Serie U1000,U1150,U1200 U1250,U1300L | G32: MERCEDES COMMERCIAL | H32: AIR FILTERS | I32: 000 835 40 47
A33: DA 2063 N | B33: CF 1620 | C33: HF 672 | F33: M.A.N. Lion Clasic G,UE,UEL serie (Inner) | G33: M.A.N. | H33: AIR FILTERS | I33: 81.08204-0073
A34: DA 2064 | F34: Yanmar L70AE,L60AE,L40AE,L48AE | G34: OTHER AGRICULTURE AND HEAVY DUTY MACHINES | H34: AIR FILTERS | I34: 11425012580
A35: DA 2068 | B35: C 1342 | C35: HF 605 | F35: JOHN DEERE 6000,7000 serie | G35: JOHN DEERE | H35: AIR FILTERS | I35: AL78224
A36: DA 2069 | B36: C 19384 | F36: JOHN DEERE 6000,7000 serie | G36: JOHN DEERE | H36: AIR FILTERS | I36: AL78223
A37: DA 2070 N | C37: HF 350 | F37: HYSTER Forklift H,S serie Inner | G37: OTHER AGRICULTURE AND HEAVY DUTY MACHINES | H37: FORKLIFT FILTERS
A38: DA 2071 | F38: CATERPILLAR | G38: CATERPILLAR | H38: AIR FILTERS | I38: 6P 6664
A39: DA 2073 | B39: C 15248 | C39: HF 500 | D39: HP 4567A | F39: Transporter 207-210,307-310,407-410 (71-96) | G39: MERCEDES | H39: AIR FILTERS | I39: 002 094 70 04
A40: DA 2079 N | B40: CF 1610 | C40: HF 644 | F40: SCANIA Century 13.37(02-->) L113,L94, S113AL (Inner) | G40: SCANIA | H40: AIR FILTERS | I40: 395 813
A41: DA 2080 | B41: C 1833/1 | C41: HF 442 | F41: MITSUBISHI L300 1.6,2.0,2.4 (80-->) | G41: MITSUBISHI | H41: AIR FILTERS | I41: MD 620039
A42: DA 2081 K | F42: FIAT HITACHI FD175,FH175 outer | G42: HITACHI-FIAT | H42: AIR FILTERS | I42: 1930600
A43: DA 2082 | F43: FIAT HITACHI FD175,FH175 inner | G43: HITACHI-FIAT | H43: AIR FILTERS | I43: 1930601
A44: DA 2083 | F44: DAEWOO OUTER SET | G44: OTHER AGRICULTURE AND HEAVY DUTY MACHINES | H44: AIR FILTERS | I44: 11N822140
A45: DA 2084 | F45: DAEWOO INNER SET | G45: OTHER AGRICULTURE AND HEAVY DUTY MACHINES | H45: AIR FILTERS | I45: 11N822150
A46: DA 2085 | F46: DAEWOO OUTER SET | G46: OTHER AGRICULTURE AND HEAVY DUTY MACHINES | H46: AIR FILTERS
A47: DA 2086 | F47: DAEWOO INNER SET | G47: OTHER AGRICULTURE AND HEAVY DUTY MACHINES | H47: AIR FILTERS
A48: DA 2087 K | C48: HF 321 | F48: MANITOU Lift Trucks | G48: OTHER AGRICULTURE AND HEAVY DUTY MACHINES | H48: FORKLIFT FILTERS | I48: 710467
A49: DA 2088 | B49: C 261215 | F49: VOLVO FL7(7-230) (83-00 Model) | G49: VOLVO(Penta,Lorry,Bus) | H49: AIR FILTERS | I49: 166 0600
A50: DA 2090 | D50: HP 4624 | F50: TOYOTA Landcruiser J10 4.2TD; | G50: TOYOTA | H50: AIR FILTERS | I50: 17801-17010
A51: DA 2091 | F51: GLUTTON CLEANING MACHINE | G51: OTHER AGRICULTURE AND HEAVY DUTY MACHINES | H51: AIR FILTERS | I51: GLU0204-324559
A52: DA 2093 N | B52: CF 1050 | C52: HF 369 | F52: FIAT-AGRI 55-90,580,60-90,680,780 Inner | G52: OTHER AGRICULTURE AND HEAVY DUTY MACHINES | H52: AIR FILTERS | I52: 1903825
A53: DA 2094 K | F53: ZETOR Tractor | G53: OTHER AGRICULTURE AND HEAVY DUTY MACHINES | H53: AIR FILTERS | I53: 7901-1284E
A54: DA 2095 | B54: C 79/1 | D54: HP 911 | F54: BECKER KOMP. RIETSCHLE 730 508 | G54: OTHER AGRICULTURE AND HEAVY DUTY MACHINES | H54: AIR FILTERS | I54: 909 532 00 000
A55: DA 2096 | B55: C 713/1 | F55: RIETSCHLE | G55: OTHER AGRICULTURE AND HEAVY DUTY MACHINES | H55: AIR FILTERS | I55: 731 142
A56: DA 2098 | B56: C 19150 | F56: TATRA Air Filter Inner | G56: OTHER LORRY AND BUSES | H56: CABIN FILTERS
A57: DA 2099 | F57: MONDIAL Motorcycle Air Filter | G57: OTHER AUTOMOBILES | H57: CABIN FILTERS
A58: DA 2101 N | F58: SK serie, 1838,2031,2038 İç | G58: MERCEDES COMMERCIAL | H58: AIR FILTERS | I58: 003 094 4202
A59: DA 2104 | F59: CASE 1290,1190,1194,1294,1390,1690 | G59: CASE/IHC | H59: AIR FILTERS | I59: AF 4642M
A60: DA 2105 | F60: CASE 1290,1190,1194,1294,1390,1690 | G60: CASE/IHC | H60: AIR FILTERS | I60: AF 4721
A61: DA 2107 | C61: HF 502 | F61: CATERPILLAR 416B,428B,436B,438B; Outer | G61: CATERPILLAR | H61: AIR FILTERS | I61: 7N 9028
A62: DA 2108 | C62: HF 503 | F62: CATERPILLAR 416B,428B,436B,438B; Inner | G62: CATERPILLAR | H62: AIR FILTERS | I62: 7N 9027
A63: DA 2110 N | F63: FORD Cargo Valve Rocker Cover Filter | G63: FORD COMMERCIAL | H63: AIR FILTERS | I63: 7C46-6866-AA
A64: DA 2112 | B64: C 16133 | C64: HF 483 | D64: HP 4010 | F64: Nissan Urvan 2.2D, 2.3.D, | G64: NISSAN | H64: AIR FILTERS | I64: 46-T3400
A65: DA 2113 | C65: HF 425 | D65: HP 4012 | F65: KIA Ceres | G65: KIA | H65: AIR FILTERS | I65: 0345-492-6511
A66: DA 2114 | C66: HF 505 | D66: HP 4012A | F66: KIA Bongo 3,5 ton | G66: KIA | H66: AIR FILTERS | I66: K 60A-23-603Y
A67: DA 2116 | B67: CF 1320 | D67: HP 4603 | F67: IVECO EuroCargo Inner | G67: IVECO | H67: AIR FILTERS
A68: DA 2119 | B68: C 2868 | C68: HF 3017 S | D68: HP 4024 | F68: NISSAN Navara(720,D21,D22) 2.5D (83-05) | G68: NISSAN | H68: AIR FILTERS | I68: 16546-08000
A69: DA 2122 | C69: HF 666 | D69: HP 4076A | F69: ISUZU Turkuaz | G69: ISUZU | H69: AIR FILTERS | I69: 8-94430250-0
A70: DA 2123 K | C70: HF 537 | F70: KOMATSU PC 210-3,5K,6K,220,240,240-5K Outer | G70: KOMATSU | H70: AIR FILTERS | I70: 2050173570
A71: DA 2124 | C71: HF 538 | F71: KOMATSU PC 210-3,5K,6K,220,240,240-5K Outer | G71: KOMATSU | H71: AIR FILTERS | I71: 20501K1480
A72: DA 2125 | F72: Belaz Lorry | G72: OTHER LORRY AND BUSES | H72: CABIN FILTERS | I72: 220050012
A73: DA 2127 K | C73: HF 589 | D73: HP 4093K | F73: M.FERGUSON 255 Turbo Inner | G73: MASSEY FERGUSON | H73: AIR FILTERS | I73: 3310354M1
A74: DA 2130 | C74: HF 418 | D74: HP 4145 | F74: HITACHI EX 100WD,120,150,160WD outer | G74: HITACHI-FIAT | H74: AIR FILTERS | I74: 4206098
A75: DA 2131 | C75: HF 419 | D75: HP 4146 | F75: HITACHI EX 100WD,120,150,160WD inner | G75: HITACHI-FIAT | H75: AIR FILTERS | I75: 4247974
A76: DA 2132 | C76: HF 411 | D76: HP 4171 | F76: KIA Besta 3.5 ton | G76: KIA | H76: AIR FILTERS | I76: K79023603B
A77: DA 2133 K | C77: HF 370 | D77: HP 4501K | F77: FIAT HITACHI 270.3-FIAT AGRI outer | G77: HITACHI-FIAT | H77: AIR FILTERS | I77: 1930602
A78: DA 2134 | C78: HF 394 | D78: HP 4502 | F78: FIAT HITACHI 270.3-FIAT AGRI inner | G78: HITACHI-FIAT | H78: AIR FILTERS | I78: 1930606
A79: DA 2135 | B79: C 20189 | C79: HF 420 | D79: HPU 4353A | F79: TOYOTA Supra 2.8i 24V | G79: TOYOTA | H79: AIR FILTERS | I79: 17801-54060
A80: DA 2136 | C80: HF 543 | D80: HP 4504 | F80: TOYOTA HiLux Pıck-Up Double Cabin (95-99) | G80: TOYOTA | H80: AIR FILTERS | I80: 17801-54170
A81: DA 2136 A | B81: C 22267 | D81: HP 4504 A | F81: TOYOTA LAND CRUISER (J9) 96-02 | G81: TOYOTA | H81: AIR FILTERS | I81: 17801-67030
A82: DA 2137 | C82: HF 1420 | D82: HP 4615 | F82: TOYOTA Double Cabin | G82: TOYOTA | H82: AIR FILTERS | I82: 17801-54180
A83: DA 2138 | B83: C 1380/1 | C83: HF 460 | D83: HPU 4326 | F83: SUZUKI Carry 1.0 (80-->) | G83: SUZUKI | H83: AIR FILTERS | I83: 13780-79201
A84: DA 2139 K | C84: HF 404 | D84: HP 4506K | F84: JCB 3CX,3D, Hidromek Outer | G84: J.C.B. | H84: AIR FILTERS | I84: 32/206002
A85: DA 2140 N | C85: HF 405 | D85: HP 4507 | F85: JCB 3CX,3D, Hidromek Inner | G85: J.C.B. | H85: AIR FILTERS | I85: 32/206003
A86: DA 2141 | D86: HP 4508 | F86: KIA | G86: KIA | H86: AIR FILTERS | I86: AA100 23 603V
A87: DA 2142 | C87: HF 498 | D87: HP 4510 | F87: KIA Pregio, Hi-Besta (97-98) | G87: KIA | H87: AIR FILTERS | I87: K71E23603
A88: DA 2143 | D88: HP 4511 | F88: MAZDA | G88: MAZDA | H88: AIR FILTERS | I88: R2S2 13Z40
A89: DA 2144 | C89: HF 357 | D89: HP 4513 | F89: M.FERGUSON, Fendt H 312 200 090 110 (Outer Set) | G89: MASSEY FERGUSON | H89: AIR FILTERS | I89: 1426450M91
A90: DA 2144/1 | D90: HP 4712 | F90: M.Ferguson MF3125,MF3610,MF3630,MF3635 (Ourter) | G90: MASSEY FERGUSON | H90: AIR FILTERS | I90: 3385733M1
A91: DA 2145 | B91: C 12116/2 | C91: HF 358 | D91: HP 4514 | F91: M.FERGUSON, Fendt H 312 200 090 110 (INNER SET) | G91: MASSEY FERGUSON | H91: AIR FILTERS | I91: 1 426 450 M91
A92: DA 2146 K | B92: C 28 357 | C92: HF 535 | D92: HP 4516K | F92: NEW HOLLAND Tractor (Outer Set) | G92: NEW HOLLAND | H92: AIR FILTERS | I92: 1930826
A93: DA 2147 | B93: C 12116/2 | C93: HF 358 | D93: HP 4517 | F93: NEW HOLLAND Tractor (Inner Set) | G93: NEW HOLLAND | H93: AIR FILTERS | I93: 1930790
A94: DA 2149 | B94: C 19198 | C94: HF 640 | D94: HP 4521 | F94: JOHN DEERE 330LC,370,8760,8770,9600 Inner | G94: JOHN DEERE | H94: AIR FILTERS | I94: AR 95759
A95: DA 2152 K | C95: HF 570 | D95: HP 4525K | F95: FIAT-HITACHI W170,W190,D150,D180 | G95: HITACHI-FIAT | H95: AIR FILTERS | I95: 1930604
A96: DA 2153 K | B96: C 18328 | C96: HF 348 | D96: HP 4526K | F96: CASE 5000 serie Outer | G96: CASE/IHC | H96: AIR FILTERS | I96: A-47032
A97: DA 2154 N | B97: CF 1133 | C97: HF 349 | D97: HP 4527 | F97: CASE 5000 serie Inner | G97: CASE/IHC | H97: AIR FILTERS | I97: A-47033
A98: DA 2155 | C98: HF 1564 | D98: HP 4530 | F98: TATA Pick-up | G98: OTHER AUTOMOBILES | H98: CABIN FILTERS | I98: 2547 0913 0213
A99: DA 2158 | B99: C 311310 | C99: HF 494 | D99: HP 4534 | F99: RENAULT Tır C210,C230,C260,C280(88-92) | G99: RENAULT COMMERCIAL | H99: AIR FILTERS | I99: 50 00 953 712
A100: DA 2159 | C100: HF 647 | D100: HP 4535 | F100: NEW HOLLAND TM125,135,150,165; outer | G100: NEW HOLLAND | H100: AIR FILTERS | I100: 82998606
...

Sheet EKSPER SANS DELSA
A1: EKSPER | B1: MANN | C1: MAHLE | D1: MISFAT | E1: FLEETGUARD | F1: HENGST | G1: ASAS | H1: FIL | I1: AUTRES
A2: ECA017C | B2: CUK2336 | H2: HCK7146
A3: ECA018 | B3: ONFİLHF8192 | C3: Iveco 504119162 | I3: ONFİLHF8192
A4: ECA024 | B4: CU27003 | G4: HF6607 | H4: HC7296
A5: ECA030 | B5: CU42001 | G5: HF6605
A6: ECA034 | B6: HIFI SC70014 | C6: IVECO 2995966 | G6: HF6209
A7: ECA038C | B7: A2048300518
A8: ECF012 | E8: FS1293 | G8: AS3565 | I8: Racor2020PM
A9: ECF021 | E9: FS20401 | I9: Racor2040SM-Racor2040TM
A10: ECF029 | B10: PU1033X | C10: KX192D | D10: F170 | F10: E84KPD148 | G10: AS3567 | I10: 7L6127434B
A11: ECF034UR | B11: U6202xKIT | D11: 0 | G11: ASUR3922KIT | H11: MUE1591
A12: ECF036 | B12: PU90021z-PU9002x | C12: KX340D | D12: F151 | F12: E423KP | G12: AS3569 | H12: MFE1607MB
A13: ECF039UR | B13: U6203YKIT | D13: 0 | G13: ASUR3933KIT | H13: MUE1576
A14: ECF041UR | B14: U6204xKIT | D14: 0 | G14: ASUR3924KIT
A15: ECF043 | D15: #N/A | E15: FS36243 | G15: AS3542 | H15: MFE1617
A16: ECF046UR | B16: U587 | D16: 0 | G16: ASUR3968
A17: ECF047 | B17: PU50z | D17: 0 | G17: AS3850 | I17: YETİŞENYPF572
A18: ECF048 | B18: PU850x | C18: KX732D | D18: 0 | E18: FF5627 | G18: AS3527
A19: ECF049 | D19: #N/A | H19: MFE1641MB
A20: ECF051 | D20: #N/A | E20: FF5251 | G20: AS3832 | I20: CAT1R-0766
A21: ECF053 | B21: VOLVO 21746575 | D21: 0 | G21: AS3584
A22: ECF055 AYNI ECF060 | B22: DAF 2277129 | D22: 0
A23: ECF057 | B23: MERCEDES A4730901451 | C23: KX400D | D23: 0 | E23: HIFI SN 70399
A24: ECF058 | B24: FOMOCCO GK219176AA | D24: 0
A25: ECF059 | B25: DAF 1852005 | C25: 1852005 | D25: 0
A26: ECF060 AYNI ECF055 | B26: DAF 1852006 | C26: 1852006 | D26: 0
A27: ECF063 | D27: #N/A | I27: 3608960-3908960-4461492
A28: ECF065 | B28: PU9003Z | D28: F020 | G28: AS3596 | H28: MFE1524MB
A29: ECF066 | C29: Perkins 4451492 / Onfil EF 2382 M/PL | D29: 0 | I29: Perkins 4451492
A30: ECF067 | C30: 23390-0L070 | D30: 0 | I30: 23390-0L070
A31: ECF068 | B31: MAN 51.12503.0069 | D31: 0
A32: ECF069 | D32: #N/A | F32: E440KPD269 | G32: AS3655 | I32: kitli ve kitsiz olarak satılıyor.
A33: ECF069KIT | D33: #N/A | F33: E440KPD269-2 | G33: AS4001
A34: ECF070 | B34: U5001KIT | C34: P956170 | D34: 0 | G34: ASUR3921KIT
A35: ECO005 | B35: HU7271X | C35: OX133D | D35: L586 | F35: E142HD21 | G35: AS1560-AS1570 | H35: ML1354A | I35: Mercedes1041800109
A36: ECO012 | B36: HU12007x | G36: AS2533 | H36: MLE1486
A37: ECO025KIT | B37: HU721XKIT | G37: AS1582KIT
A38: ECO031 | B38: HU931X | C38: OX157D | D38: 0 | E38: LF3819 | F38: E160HD28 | G38: AS1547 | H38: MLE1344B
A39: ECO039 | B39: HU7196x | C39: OX379D | D39: 0 | F39: E27HD125 | G39: AS1519 | H39: MLE1514 | I39: 06D115466
A40: ECO050x | B40: HU816x | C40: OX387D | D40: L185 | G40: AS2503 | H40: MLE1521V
A41: ECO050z | B41: HU816z | C41: OX387D | D41: L147 | G41: AS2503 | H41: MLE1521V
A42: ECO054 | B42: HU6002z | D42: L128 | G42: AS2535
A43: ECO058 | B43: HU9453x | G43: AS1554 | H43: MLE1637
A44: ECO059 | E44: LF16166 | G44: AS1591
A45: ECO061 | B45: HU721wKIT | G45: AS2528KIT
A46: ECO068 | H46: MLE1598
A47: ECO070 | H47: ML1704
A48: ECO071 | B48: HU10771z-HU10772x | G48: ASTE2565
A49: ECO073 | B49: HU6014z-HU60141z | G49: ASTE2554
A50: ECO076 | E50: FF266 | G50: AS3666
A51: ECO078 | F51: E510H07 | G51: AS2553
A52: EF010A | D52: #N/A | G52: AS304KA
A53: EF016 | B53: PU84 | C53: SEPAR00510-00530 | D53: 0 | E53: FS19733 | F53: E0530K | G53: AS34030
A54: EF017 | B54: IVECO500318246 | C54: IVECO500318246 | D54: 0 | E54: FF5430 | H54: ZP8048FP | I54: IVECO500318246
A55: EF018 | C55: IVECO102017PRE-FILTER | D55: 0 | E55: FF5288 | H55: ZP8048AFP | I55: IVECO102017PRE-FILTER
A56: EF021 | B56: WK312 | C56: PS842 | D56: E009
A57: EF022 | B57: P609 | C57: KX38 | D57: F663 | E57: FF5057 | F57: E21K | G57: AS3349 | H57: MF191
A58: EF023 | B58: SEPAR1830 | D58: 0 | I58: SEPAR1830
A59: EF024 | B59: WK9398x | C59: HDF913 | D59: F113A
A60: EF025 | B60: WK93910x | C60: HDF917 | D60: F114A
A61: EF026 | D61: #N/A
A62: EF027 | D62: #N/A
A63: EF028 | D63: #N/A
A64: EF031 | B64: KUBOTA6A32059930 | D64: 0 | G64: AS3330
A65: EF032 | D65: #N/A
A66: EF033 | D66: #N/A
A67: EF034 | D67: #N/A
A68: EF035 | D68: #N/A
A69: EF042 | D69: #N/A | E69: FF5170 | G69: AS3314
A70: EF043 | D70: #N/A | E70: FF5260 | G70: AS3326
A71: EF045 | D71: #N/A | E71: FF4080 | G71: AS331-AS359 | H71: MF1258
A72: EF047 | D72: #N/A | E72: PED141 | G72: AS3018
A73: EF048 | B73: Thermo King 11-6285 | D73: #N/A
A74: EF049 | B74: Thermo King 11-7264 | D74: #N/A
A75: EF050 | D75: #N/A | E75: FS19803 | I75: Separ04030
A76: EF051 | D76: #N/A | E76: FS19752 | I76: Separ01830
A77: EF052 | D77: #N/A
A78: EF053 | D78: #N/A
A79: EF054
A80: EF055 | B80: WK315 | H80: ZP8040FP
A81: EHA006 | B81: C141301 | C81: LX15661 | F81: E482L01 | G81: HF832 | H81: HP2606A | I81: DonaldsonP778778-Volvo1665908
A82: EHA007 | B82: C7111 | C82: LX253 | F82: E7L | H82: HP910A | I82: Volvo1665937
A83: EHA026O | G83: HF118O
A84: EHA046 | E84: AF252 | H84: HP418
A85: EHA048 | F85: HF557 OLACAK --> | G85: HF577 | H85: HP9052
A86: EHA061 | B86: Wabco 4324062232 | G86: HF1550
A87: EHA067R | G87: HF662-HF5878 | H87: HP2567-HP4600
A88: EHA078 | B88: C311238 | H88: HP4612
A89: EHA079 | B89: C208551
A90: EHA080 | B90: C308507 | E90: AF26325 | G90: HF638 | H90: HP905-HP905R
A91: EHA087 | B91: C291055 | C91: LX797 | E91: AF4927 | F91: E761L | G91: HF523 | H91: HP471C
A92: EHA088
A93: EHA093 | E93: AF982 | H93: HP433
A94: EHA096P | B94: C25150-CP25150 | C94: JCB 32/925682 | E94: AF26656 | H94: HP4663
A95: EHA098 | B95: C716X | F95: EAS500MD38
A96: EHA099 | E96: AF25812
A97: EHA107 | B97: C121141 | E97: AF4568 | G97: HF499
A98: EHA117 | E98: AF819KM | G98: HF363 | I98: 1887575M91
A99: EHA120
A100: EHA121
...

Sheet LISEZMOI
A1: CORRESPONDANCE CROISEE DELSA x EKSPER — Octobre 2026
A4: COMMENT CHERCHER
A5: 1. Feuille RECHERCHE : tapez la reference dans la grande cellule jaune, puis Entree. Les 10 premiers resultats s affichent avec le couple DELSA / EKSPER et toutes les autres marques. La casse et les espaces n ont aucune importance (HU722X = hu 722 x). Marche dans l application Excel, PC ou telephone.
A6: 2. Sans Excel (visionneuse) : feuille TOUTES LES REFERENCES + Ctrl+F — meme resultat, chaque ligne = une reference de n importe quelle marque avec ses equivalents DELSA et EKSPER.
A7: 3. Vous pouvez aussi trier / filtrer chaque colonne avec les fleches d en-tete de chaque feuille.
A10: FEUILLES
A11: RECHERCHE : feuille interactive — tapez une reference, les resultats s affichent.
A12: TOUTES LES REFERENCES : moteur manuel — 1 ligne par reference de chaque marque, colonne B = reference colle sans espaces.
A13: DELSA x EKSPER : les 1055 correspondances etablies cote a cote.
A14: DELSA SANS EKSPER : 1755 references DELSA sans equivalent EKSPER.
A15: EKSPER SANS DELSA : 459 references EKSPER sans equivalent DELSA.
A17: METHODE
A18: Correspondances etablies via les marques communes aux deux catalogues : MANN, ASAS, FIL, MISFAT (references normalisees : majuscules, espaces ignores).
